post_id,brand,platform,timestamp,caption_text,media_type,media_url,reactions,comments,shares,post_url
fb_AnAnA_Computer_1788321148_0,AnAnA Computer,Facebook,2026-09-02 10:52,Ruijie Reyee RG-EW1200G Pro,Photo Post,https://scontent.fpnh11-1.fna.fbcdn.net/v/t39.30808-6/790880706_1503860705103356_6794720906950844470_n.jpg?stp=dst-jpg_tt6&cstp=mx2048x2048&ctp=p526x296&_nc_cat=105&ccb=1-7&_nc_sid=127cfc&_nc_eui2=AeEqzln97KmhkFcJR0sk_BUuuY4BhJfZ1Yy5jgGEl9nVjPHm5TwoGhPjOeZ9P8kKh8mLxGLGDGmCwdbaOAWEKKuh&_nc_ohc=XL2hNnkUFLkQ7kNvwFcscIS&_nc_oc=AdooANzKmADo9fN0azCfOksspjDidCWRVgD-FTJ4uLqJjkc_6l_6swjuZlPq0JOofu8&_nc_zt=23&_nc_ht=scontent.fpnh11-1.fna&_nc_gid=osAvaILmXKB4RnoRRKyqGA&_nc_ss=7b2a8&oh=00_AQJhuQ43MU4zicgUYHGOWZEdhDmMUsiz4JroteHdFZVixw&oe=6A9D653B,0,0,0,https://www.facebook.com/ananacomputer
fb_AnAnA_Computer_1788321148_1,AnAnA Computer,Facebook,2026-09-02 10:52,Dell Alienware AW2525HM,Photo Post,https://scontent.fpnh11-2.fna.fbcdn.net/v/t39.30808-6/781153175_1503751078447652_4666333665672905471_n.jpg?stp=dst-jpg_tt6&cstp=mx2048x2048&ctp=p526x296&_nc_cat=104&ccb=1-7&_nc_sid=127cfc&_nc_eui2=AeHGOCN_9YgytD5y4XRjYcoRKKHuTa6nubcooe5Nrqe5t6w6wCg58-my5Gji5OVVLUJ5xmh3q_2uv4K4Pxf6XcmO&_nc_ohc=hsE-WIVetb8Q7kNvwGfJW7J&_nc_oc=AdrhZmBip2dFv9HmGOrIjgFB5A1jj4x_mU0-jRfV5DNu7Syx3O3x2YzG580CBwqM8lw&_nc_zt=23&_nc_ht=scontent.fpnh11-2.fna&_nc_gid=osAvaILmXKB4RnoRRKyqGA&_nc_ss=7b2a8&oh=00_AQIDfCITv-SDznK9bbTbtMw8byi2Q6q-rxhH6qIxArWwQg&oe=6A9D83B1,0,0,0,https://www.facebook.com/ananacomputer
fb_AnAnA_Computer_1788321148_2,AnAnA Computer,Facebook,2026-09-02 10:52,Nikomax Network Cable,Photo Post,https://scontent.fpnh11-1.fna.fbcdn.net/v/t39.30808-6/789213888_1503649321791161_6679818767410978735_n.jpg?stp=dst-jpg_tt6&cstp=mx1254x1254&ctp=p526x296&_nc_cat=105&ccb=1-7&_nc_sid=127cfc&_nc_eui2=AeH0OdJ7TsJIB9P8WmV-xAdqIJMzsoNU4_UgkzOyg1Tj9RPlH7zYlhe0alcUtwnSVQyVsFlLmEZTDhWb4avfalHw&_nc_ohc=jvw51e_yuZwQ7kNvwG8kS5c&_nc_oc=AdqLrsEaASlqzJbR1gUbH6wip-UpMru3sZybJtIcmpkAAJtwyysN3UD15Qsiy4j3tow&_nc_zt=23&_nc_ht=scontent.fpnh11-1.fna&_nc_gid=osAvaILmXKB4RnoRRKyqGA&_nc_ss=7b2a8&oh=00_AQKWHertXuM5cz4NkbICWkpYauRRzEM2qXFgZ0pieyeeMg&oe=6A9D6982,0,0,0,https://www.facebook.com/ananacomputer
fb_PTC_Computer_1788321157_0,PTC Computer,Facebook,2026-09-02 10:52,𝐓𝐫𝐚𝐧𝐬𝐜𝐞𝐧𝐝 𝐒𝐒𝐃 𝐄𝐱𝐭𝐞𝐫𝐧𝐚𝐥 មានគ្រប់ទំហំអាចផ្ទុកទិន្នន័យបានច្រើន មានការផ្ទេរលឿន និងមានភាពងាយស្រួលក្នុងការប្រើប្រាស់ប្រចាំថ្ងៃ,Photo Post,https://scontent.fpnh11-2.fna.fbcdn.net/v/t39.99422-6/793212361_38100001982981142_4236727483844209172_n.png?stp=dst-jpg_tt6&cstp=mx1920x1920&ctp=s590x590&_nc_cat=106&ccb=1-7&_nc_sid=127cfc&_nc_eui2=AeEjb9X4lZaC3gpUP9djFlQKXw3wF6HABBBfDfAXocAEEMIdmLziUsTvAeuDTLHCARXVA6bJZqEEzjJh3Xjspg6D&_nc_ohc=FpGJCRGQ-qoQ7kNvwH_egia&_nc_oc=Adowdmhs0rKhGBB0KrZXII-FZltwlg36PtK8nrhuU2oWUzCIYyG2UGNucHdMyQ25M5s&_nc_zt=14&_nc_ht=scontent.fpnh11-2.fna&_nc_gid=SlzP3WDIHkGJopLjPQvplw&_nc_ss=7b2a8&oh=00_AQI9OqDoj0qW_5ieKg-FoLzlSjGltKHngMJbaPznk0dJFA&oe=6A9D74B6,0,0,0,https://www.facebook.com/PTCcomputerkh
fb_PTC_Computer_1788321157_1,PTC Computer,Facebook,2026-09-02 10:52,"𝐇𝐏 𝐕𝐢𝐜𝐭𝐮𝐬 𝐆𝐚𝐦𝐢𝐧𝐠 𝟏𝟓 រូបរាងប្រណីត ជាមួយនិង 𝐁𝐥𝐚𝐜𝐤 𝐂𝐡𝐫𝐨𝐦𝐞 𝐋𝐨𝐠𝐨 ទាក់ទាញមែនទែន សំខាន់កម្លាំងក៏ខ្លាំង មិនថាយកទៅ​លេង 𝐆𝐚𝐦𝐞  𝐃𝐞𝐬𝐢𝐠𝐧 , កាត់តវីដេអូធានាថាពេញចិត្ត",Photo Post,https://scontent.fpnh11-1.fna.fbcdn.net/v/t39.99422-6/791453803_2607953746308765_1539518741465742410_n.png?stp=dst-jpg_tt6&cstp=mx1920x1920&ctp=p526x296&_nc_cat=100&ccb=1-7&_nc_sid=127cfc&_nc_eui2=AeEZ6WUinWStwHJT_eRWyJUc65aP2qnfcTPrlo_aqd9xM1bVRR-7r_XgUL6z0L8Imsywd2o1wdC-Ivto17s8vrSd&_nc_ohc=WfGtK0uzUWUQ7kNvwFcE9bj&_nc_oc=AdosY-qwdt5fGIOb0cZjG5IFy84Yj_gZ-1ZgYQi94_Ugpemum-kSxt6XfhDTtyfgVqk&_nc_zt=14&_nc_ht=scontent.fpnh11-1.fna&_nc_gid=Lr_XbveTBoHzurjcXe3lzA&_nc_ss=7b2a8&oh=00_AQLrKlPwMFdoPB5T8RYgWBBlGTLgHwMFs48hvOB2cCAabw&oe=6A9D7CB9,0,0,0,https://www.facebook.com/PTCcomputerkh
fb_PTC_Computer_1788321157_2,PTC Computer,Facebook,2026-09-02 10:52,𝗧𝗼𝘀𝗵𝗶𝗯𝗮 𝗣𝗵𝗼𝘁𝗼𝗰𝗼𝗽𝘆 𝗘-𝘀𝘁𝘂𝗱𝗶𝗼 ម៉ាស៊ីនព្រីន copy scan ខ្នាតធំដែលប្រើប្រាស់សម្រាប់អាជីវកម្ម ឬប្រើប្រាស់ក្នុងការិយាល័យ មានភាពងាយស្រួល កម្លាំងខ្លាំង ម៉ាស៊ីនលឿន ព្រីនបានច្រើន … See more,Photo Post,https://scontent.fpnh11-1.fna.fbcdn.net/v/t39.99422-6/791246555_1734252877810303_9150740046467922775_n.png?stp=dst-jpg_tt6&cstp=mx2048x2048&ctp=p526x296&_nc_cat=109&ccb=1-7&_nc_sid=127cfc&_nc_eui2=AeGr7oMiNW4qp5R9WqI9NQcPeJ4y2bkHopB4njLZuQeikDvlw1I4F_cW5msVLSXSooHuUlKTvJTu1FqXRvk-rpqC&_nc_ohc=DO-Rfu85OD4Q7kNvwEj4GDQ&_nc_oc=AdryvwKHsQuSklqD6Vm5euhDJhDIN5qkC8JXQqb6s5MBf7S-jpRgaqs3BeeboGRkM6s&_nc_zt=14&_nc_ht=scontent.fpnh11-1.fna&_nc_gid=Lr_XbveTBoHzurjcXe3lzA&_nc_ss=7b2a8&oh=00_AQLiCRIzPlYyZjhSJC7Qmtb68RFeaB05lt6efW7dxuneeQ&oe=6A9D58AE,0,0,0,https://www.facebook.com/PTCcomputerkh
fb_PTC_Computer_1788321157_3,PTC Computer,Facebook,2026-09-02 10:52,"I have been using Laptop for a long time, I don't know how to Screen Shot easily
… See more",Video Reel,https://scontent.fpnh11-2.fna.fbcdn.net/v/t15.5256-10/789554235_929998713494232_3431863208168024060_n.jpg?stp=dst-jpg_tt6&cstp=mx1080x1920&ctp=p960x960&_nc_cat=108&ccb=1-7&_nc_sid=5fad0e&_nc_eui2=AeEZod9DPNeX8BZPSKqvHYbgt-tTMWBGdYu361MxYEZ1i01Lj941x0-kIBFzIjYq04BhIdfTX5062MH8i9QE2Oex&_nc_ohc=vIo411z5njMQ7kNvwHg1TyX&_nc_oc=Adp5yIt-ckTfF188U91tSlTvxTUwyzIKUo2qzgNsrGNrJ2h67JJxA5590QDOOHKC1Os&_nc_zt=23&_nc_ht=scontent.fpnh11-2.fna&_nc_gid=Lr_XbveTBoHzurjcXe3lzA&_nc_ss=7b2a8&oh=00_AQKWC548JnG4gYt0NE7C9mHJqL9acwGrrcu9lstbBusf5w&oe=6A9D72F2,0,0,0,https://www.facebook.com/PTCcomputerkh
fb_ICE_Electronics_1788321166_0,ICE Electronics,Facebook,2026-09-02 10:52,​​ រីករាយពិធីបុណ្យសែនក្បាលទឹក! (Happy Ghost Festival)​,Photo Post,https://scontent.fpnh11-1.fna.fbcdn.net/v/t39.30808-6/787406125_1494224119406028_8551607090619959784_n.jpg?stp=dst-jpg_tt6&cstp=mx2048x2048&ctp=p526x296&_nc_cat=109&ccb=1-7&_nc_sid=127cfc&_nc_eui2=AeFZdswBPgzCqd9c7ubtAY-PdPl3mK9lB790-XeYr2UHv0tXZ-RDzLfNqtcrSWLZUkIsqwnWWiKWlU8QVS8YW7sR&_nc_ohc=4rdkg1MJBbgQ7kNvwFb3TAI&_nc_oc=AdpNsCV0lJI2Eo3av4S248QqvxSiWWkWgWDzFjyL85FwYfocEXXuB5bBzb-MoIUE68Q&_nc_zt=23&_nc_ht=scontent.fpnh11-1.fna&_nc_gid=0G8IWmFfImV0Td-qrw0S5g&_nc_ss=7b2a8&oh=00_AQKFxhu0aX5I2Lr4LsKKzgOruJ7KYVkUSJhzw30eGsviVA&oe=6A9D839D,0,0,0,https://www.facebook.com/ICEElectronics
fb_ICE_Electronics_1788321166_1,ICE Electronics,Facebook,2026-09-02 10:52,"HP Laser MFP 136w Printer មកដល់ហើយ! ម៉ាស៊ីនបោះពុម្ព Laser ជំនាញ multipurpose 3-in-1 (Print, Scan, Copy) ងាយស្រួលប្រើប្រាស់ លឿន និងមានមុខងារ Wireless តភ្ជាប់បានយ៉ាងរហ័… See more",Video Reel,https://scontent.fpnh11-1.fna.fbcdn.net/v/t15.5256-10/787244174_2686761655090266_506169257137379685_n.jpg?stp=dst-jpg_tt6&cstp=mx1080x1350&ctp=p960x960&_nc_cat=105&ccb=1-7&_nc_sid=5fad0e&_nc_eui2=AeFixesJ9tZPQEQwwGwhSFo0QBYRcyog9u5AFhFzKiD27p3OSGQpN_mXbABVDi3-eXjmKJTKuLRHt7Tu9oT2kP37&_nc_ohc=IYBQaBSLRU4Q7kNvwFFjwHF&_nc_oc=AdqdedcQ-rpQiU-j2SRI7ixqvcRs6v7xXjzXdctzJV07Nbdx_mH3ZkBu3SZNt9unLuw&_nc_zt=23&_nc_ht=scontent.fpnh11-1.fna&_nc_gid=IFmkjLOZzB0zX-0wYy4iKg&_nc_ss=7b2a8&oh=00_AQISKHdwcRsSDfZtl4rjG07yN7euWrLzaSJOEb4rniLlSA&oe=6A9D7EEB,0,0,0,https://www.facebook.com/ICEElectronics
fb_ICE_Electronics_1788321166_2,ICE Electronics,Facebook,2026-09-02 10:52,AI Solutions for Real Business Challenges… See more,Video Reel,https://scontent.fpnh11-2.fna.fbcdn.net/v/t15.5256-10/784980043_1393706766193568_2106250442041111123_n.jpg?stp=dst-jpg_tt6&cstp=mx1920x1076&ctp=p960x960&_nc_cat=110&ccb=1-7&_nc_sid=5fad0e&_nc_eui2=AeF6qf6tso31gs0SgACG2HcuVB7HaNYRHGlUHsdo1hEcaY11hXpOWmvwUHYykMQ5MydVQvPGGsEJr62-HH37Zi-4&_nc_ohc=yyWjbyZQTl4Q7kNvwGcJszo&_nc_oc=AdqC-IhAzW-haWdeG8MqzZofHGDTPIJ4nengXdxhNh2tidcl-_6WlYUPtY2U2Vd0RVw&_nc_zt=23&_nc_ht=scontent.fpnh11-2.fna&_nc_gid=IFmkjLOZzB0zX-0wYy4iKg&_nc_ss=7b2a8&oh=00_AQLfjbutkaamofQv-pDZVffgAnzIGfo337drr_QK-0oZqw&oe=6A9D6EB4,0,0,0,https://www.facebook.com/ICEElectronics
fb_ICE_Electronics_1788321166_3,ICE Electronics,Facebook,2026-09-02 10:52,"Working for 10 hours, can't see, when resting for 5 minutes, can see immediately!",Video Reel,https://scontent.fpnh11-1.fna.fbcdn.net/v/t15.5256-10/784732485_898453132986253_7909355024986281709_n.jpg?stp=dst-jpg_tt6&cstp=mx1080x1920&ctp=p960x960&_nc_cat=107&ccb=1-7&_nc_sid=5fad0e&_nc_eui2=AeHsGLu-ahiXh6ojhzEa_AQkwe1T9WVAJw7B7VP1ZUAnDgi_XfgTDACCfU8XYI9qwfYqjF5vtetrTALoEmDFvo-Q&_nc_ohc=YnfZqcR56nwQ7kNvwHLklAI&_nc_oc=AdpYulLXyaXqjoHT6DhVQCpVwkDj6tfatYgLn7WH_lLTfkPTD72x68ZLx70twVIuqjg&_nc_zt=23&_nc_ht=scontent.fpnh11-1.fna&_nc_gid=IFmkjLOZzB0zX-0wYy4iKg&_nc_ss=7b2a8&oh=00_AQI13rnFW6EkvQXqe_0kMy3szu1dHo8enyXeemN7PyQXBg&oe=6A9D7E71,0,0,0,https://www.facebook.com/ICEElectronics
fb_ICE_Electronics_1788321166_4,ICE Electronics,Facebook,2026-09-02 10:52,Why H2O Driverless AI?,Video Reel,https://scontent.fpnh11-2.fna.fbcdn.net/v/t15.5256-10/780422246_974431012332800_99755868341563700_n.jpg?stp=dst-jpg_tt6&cstp=mx1920x1080&ctp=p960x960&_nc_cat=104&ccb=1-7&_nc_sid=5fad0e&_nc_eui2=AeEwVawgW4yKgbcfvQV95kB8_qgXDiyZvmf-qBcOLJm-Z4PmX9qSVLRPH12gvrewslO6fkUHwGV4BEWEpiD2nnzY&_nc_ohc=8gQxFU9I08MQ7kNvwHD-iLf&_nc_oc=AdqMAGPy2CnUBehn3e1rfrwKQogoZG1OAXITJul8olMGK33WkPzUuw1VA_VHqHRRi64&_nc_zt=23&_nc_ht=scontent.fpnh11-2.fna&_nc_gid=sM6BfDJ0Dp9rP0pgMkedrg&_nc_ss=7b2a8&oh=00_AQINwXp50bpurOEu1PFvopA6mgJGCrwCSQ9j9XP8NCmWzA&oe=6A9D5BC4,0,0,0,https://www.facebook.com/ICEElectronics
fb_ECI_Distribution_1788321175_0,ECI Distribution,Facebook,2026-09-02 10:52,បង្កើនគុណភាពការងារបោះពុម្ពរបស់អ្នកជាមួយ HP Matte Film ដោយសារវាមានផ្ទៃ Matte ដែលអាចផ្តល់នូវរូបរាងស្អាត ពណ៍ច្បាស់ល្អ និង មានគុណភាពខ្ពស់ ហើយ HP Matte នេះដែរអាចប្រើសម្រាប់… See more,Video Reel,https://scontent.fpnh11-2.fna.fbcdn.net/v/t15.5256-10/787366264_938371881966994_1531793689025683749_n.jpg?stp=dst-jpg_tt6&cstp=mx1080x1350&ctp=s960x960&_nc_cat=111&ccb=1-7&_nc_sid=d2b52d&_nc_eui2=AeGDXn6hl87wjUDANnGcywqPc3MZgV_4p5FzcxmBX_inkXZyjhaiQhlrYP_J1AozrieJTWDT6HY8qRjRLR9qqNmj&_nc_ohc=KMYQruDoNzIQ7kNvwF2HvuQ&_nc_oc=Adpqkvljl3ljZTQcOI-qSbF8VKpf-SFd7t2ip63zXXeFGUwrMkYBTB_XOPS7cZxkCTM&_nc_zt=23&_nc_ht=scontent.fpnh11-2.fna&_nc_gid=sFmTiHh8Pnph-gFMg7OhsQ&_nc_ss=7b2a8&oh=00_AQIqcZyNTBodHk3OmkX1kGK-T-mga4GlWCDRKScIC9qdCA&oe=6A9D67DC,0,0,0,https://www.facebook.com/ecidisti
fb_ECI_Distribution_1788321175_1,ECI Distribution,Facebook,2026-09-02 10:52,Happy New Year!,Photo Post,https://scontent.fpnh11-2.fna.fbcdn.net/v/t39.30808-6/786030659_1563070642500319_103820663730848185_n.jpg?stp=dst-jpg_tt6&cstp=mx1500x1500&ctp=p526x296&_nc_cat=111&ccb=1-7&_nc_sid=127cfc&_nc_eui2=AeEf6jIKyHZV8WNjnj_7_3QBGa5jw8UK02AZrmPDxQrTYEQjaS0DLa5In5DNSrbRpnt2pJX8Y_f4CP8eJ1RvN4Xr&_nc_ohc=rlQgm8IKuCkQ7kNvwHsaf6j&_nc_oc=AdofNmYATAtmX65qitIVI5X1KRxTWOpEqywVFWS2nyeoTJyKUx5ECrPhdN7Gp-B_wDw&_nc_zt=23&_nc_ht=scontent.fpnh11-2.fna&_nc_gid=F_Wlo2WXPptmkCAoUW1RWg&_nc_ss=7b2a8&oh=00_AQKrlDF2CNfzoJJyM02i8v5zTB4tzEA6PDPue9zWwpLR8A&oe=6A9D5567,0,0,0,https://www.facebook.com/ecidisti
fb_ECI_Distribution_1788321175_2,ECI Distribution,Facebook,2026-09-02 10:52,Trust AI With Explainable Predictions… See more,Video Reel,https://scontent.fpnh11-2.fna.fbcdn.net/v/t15.5256-10/783753436_1413200087459895_4816592305231286105_n.jpg?stp=dst-jpg_tt6&cstp=mx1920x1080&ctp=p960x960&_nc_cat=101&ccb=1-7&_nc_sid=5fad0e&_nc_eui2=AeHjsZFdQCt9nJzYodngRW-poPV1r53gCS2g9XWvneAJLTm9VddXGQtV-4uO8khtqJ1s0bqkxZk_Q_-QdUgKA6ld&_nc_ohc=qpS8Kt7D4-cQ7kNvwHBmL6_&_nc_oc=AdpPTdEHJrsSoMOPwcc8PQT6Lpk39y0rAsPkJaJ_KJQub6smzC1J3Xg0FQ_iL34IWZQ&_nc_zt=23&_nc_ht=scontent.fpnh11-2.fna&_nc_gid=F_Wlo2WXPptmkCAoUW1RWg&_nc_ss=7b2a8&oh=00_AQIrIh3pRSddSEiOIkFnhE3_OgwoP-Ok6q0DNkvKIMmS2A&oe=6A9D56A3,0,0,0,https://www.facebook.com/ecidisti
fb_BCS_Computer_1788321185_0,BCS Computer,Facebook,2026-09-02 10:52,Model: Dell inc XPS 15,Photo Post,https://scontent.fpnh11-2.fna.fbcdn.net/v/t39.30808-6/789571765_1072429215170323_2509756434718860606_n.jpg?stp=dst-jpg_tt6&cstp=mx960x1200&ctp=s590x590&_nc_cat=111&ccb=1-7&_nc_sid=833d8c&_nc_eui2=AeF73KBfn-f_WlnnE2wKDMu5VxcnrTib1fdXFyetOJvV9wwH9xX44oCXOPSl7ZFc0fnoLqGcYKHkuTR62bRdLBQ2&_nc_ohc=wN1jheS8FokQ7kNvwEymBoT&_nc_oc=AdqM5ZrWuUvErPOQ0_ScG4X5xfKCvPO33WO-JlenZsf2uSinpKxyK8OQirZjWGK0aJs&_nc_zt=23&_nc_ht=scontent.fpnh11-2.fna&_nc_gid=CYKD_caQfB0S8nMeth59mw&_nc_ss=7b2a8&oh=00_AQI0jF91J0uXsU1YlrOxS_dyn5jRwfrK3pLFPvGoDsVeeg&oe=6A9D7EBC,0,0,0,https://www.facebook.com/Bcscomputer168
fb_BCS_Computer_1788321185_1,BCS Computer,Facebook,2026-09-02 10:52,Model : Dell Latitude 5510,Photo Post,https://scontent.fpnh11-1.fna.fbcdn.net/v/t39.30808-6/782582351_1071856065227638_200244844661702859_n.jpg?stp=cp6_dst-jpg_tt6&cstp=mx1080x1350&ctp=s590x590&_nc_cat=107&ccb=1-7&_nc_sid=833d8c&_nc_eui2=AeFf6gEMFqEnIuQ5tgUeZLt04slywnpo8VPiyXLCemjxU6oeZBfVv4oP0bb937BDtRJOW9p3SHyORalWxid4xLNw&_nc_ohc=GOSzA3lyucYQ7kNvwEbb0P6&_nc_oc=AdrSDq9ppSP98YRuo_oE-mjcroW7Db7vIMZbH0Uc6_hY22LqZzQWuJT4m7YV_-qSC-k&_nc_zt=23&_nc_ht=scontent.fpnh11-1.fna&_nc_gid=uI7ubfvHyjWzebTFoDaWRw&_nc_ss=7b2a8&oh=00_AQKepdQhUyq91dbtHBsrGYYf3hcaRkZn6joN_l3cuuUt3g&oe=6A9D6ADB,0,0,0,https://www.facebook.com/Bcscomputer168
fb_Kim_Heng_Center_1788321194_0,Kim Heng Center,Facebook,2026-09-02 10:52,Multiply Your Ambition with the all-new HP OmniBook Ultra NG AI PC 14-kd0015TU… See more,Video Reel,https://scontent.fpnh11-2.fna.fbcdn.net/v/t15.5256-10/787935321_2607753523012442_2648891524300676301_n.jpg?stp=dst-jpg_tt6&cstp=mx1080x1920&ctp=p960x960&_nc_cat=104&ccb=1-7&_nc_sid=5fad0e&_nc_eui2=AeFM7RhHGqqa67DyacrkcvvmqL0zUdwd1DKovTNR3B3UMl-STv0n2gxJ-X01-XJBQcG8cVX6eqwz3V6OekjBhtMj&_nc_ohc=pZhT8ZP1T8UQ7kNvwFTn3Uz&_nc_oc=AdrdC1r1wmo_CtvciMtIWclAfk8et3Pi_vYf16Y-Y_NKQmYmEt8xnxQHjJHtraQOoHQ&_nc_zt=23&_nc_ht=scontent.fpnh11-2.fna&_nc_gid=AOHTK0Yc4BD0x8erIQxNdQ&_nc_ss=7b2a8&oh=00_AQLFjYuO2DUHXSggzMYebSVaQrx37ojcO8C4nRaWxvKcqg&oe=6A9D6C00,0,0,0,https://www.facebook.com/kimhengctTrading
fb_Kim_Heng_Center_1788321194_1,Kim Heng Center,Facebook,2026-09-02 10:52,ធ្វើការកក់ឥលូវនេះនិងទទួលបាន Voucher $20ភ្លាមៗ,Photo Post,https://scontent.fpnh11-1.fna.fbcdn.net/v/t39.30808-6/785195053_1663322459131238_2774071725185114971_n.jpg?stp=dst-jpg_tt6&cstp=mx1720x2048&ctp=s600x600&_nc_cat=105&ccb=1-7&_nc_sid=127cfc&_nc_eui2=AeFt74Bhfo0Z1bCWTftS4zR5M6LD6xE9oDUzosPrET2gNX0nuttBkaruiHC_MW0zrGMuRjIwXDURJA6zkVnionrk&_nc_ohc=oUgYwv-nykoQ7kNvwFnxurg&_nc_oc=AdoenHKg4zFBTR4QkM3wYGwRUkQX1_VOmoJXLnH3Vkn2OA0AXgQ45LTthsJVG35tvpI&_nc_zt=23&_nc_ht=scontent.fpnh11-1.fna&_nc_gid=AOHTK0Yc4BD0x8erIQxNdQ&_nc_ss=7b2a8&oh=00_AQKkP48508EKT1UJlu4Yjmn-d3rxjgBdYTdQI87FLxZ3GQ&oe=6A9D5A5A,0,0,0,https://www.facebook.com/kimhengctTrading
fb_Kim_Heng_Center_1788321194_2,Kim Heng Center,Facebook,2026-09-02 10:52,A4 size A4 paper with a small hole,Photo Post,https://scontent.fpnh11-1.fna.fbcdn.net/v/t39.30808-6/785151348_1662298349233649_322510609885156713_n.jpg?stp=dst-jpg_tt6&cstp=mx2000x2000&ctp=p526x296&_nc_cat=100&ccb=1-7&_nc_sid=127cfc&_nc_eui2=AeF5VSLJFzB-HEBrrldqu91dECxsmrT3j-oQLGyatPeP6l9uOCwnIJLfiQWdkHkwBpSGtxIoLDTQBfA8HcjPk8ma&_nc_ohc=7VOb7LMkmvEQ7kNvwEafRqy&_nc_oc=Adp8g040wF9vfv-UHBLqNVgzyuLswNMjusbir6qQ4CJSVuI3VVUItA5ttvUHR8KmoQs&_nc_zt=23&_nc_ht=scontent.fpnh11-1.fna&_nc_gid=AOHTK0Yc4BD0x8erIQxNdQ&_nc_ss=7b2a8&oh=00_AQJ7ox1I30AnvGW48MXl2EYriRAxaywaOnD-M0LeJpILww&oe=6A9D75CD,0,0,0,https://www.facebook.com/kimhengctTrading
fb_ICT_Distribution_1788321203_0,ICT Distribution,Facebook,2026-09-02 10:52,"When cloud providers need to deliver faster services while controlling operational costs, infrastructure efficiency becomes critical.… See more",Photo Post,https://scontent.fpnh11-2.fna.fbcdn.net/v/t39.30808-6/787996960_122184910838892258_2556413229154917751_n.jpg?stp=dst-jpg_tt6&cstp=mx1080x1080&ctp=p526x296&_nc_cat=108&ccb=1-7&_nc_sid=127cfc&_nc_eui2=AeHQXDJJk_d8TvfVhcOENINtZZ6a6mgIgMZlnprqaAiAxotllDdIv__dcloCxdwWSeBlrHCepsYsz28Hkkaj4uJ8&_nc_ohc=eW0n9dmCnHAQ7kNvwE_QU3y&_nc_oc=AdrrdSGwi4IoCIV7wyBZ2JN8dkqPc6gmQ7TA9agOYRBdelnSLR-r0M-45ib6y3qxS48&_nc_zt=23&_nc_ht=scontent.fpnh11-2.fna&_nc_gid=iKya5_hXMacl5QXKUemGvw&_nc_ss=7b2a8&oh=00_AQJt3LDAMpoXQnJ6o6GH8H3xRiH6-0uES_lFsFCOdzcZ-Q&oe=6A9D87DA,0,0,0,https://www.facebook.com/ICTDistributionKH
fb_ICT_Distribution_1788321203_1,ICT Distribution,Facebook,2026-09-02 10:52,Ready to deploy your next server infrastructure project?… See more,Photo Post,https://scontent.fpnh11-1.fna.fbcdn.net/v/t39.30808-6/785722723_122184902756892258_3565431988280804258_n.jpg?stp=dst-jpg_tt6&cstp=mx1080x1080&ctp=p526x296&_nc_cat=100&ccb=1-7&_nc_sid=127cfc&_nc_eui2=AeFPqtHVPJSL-jQ2NzUyVsPQRZSlGMV_5R9FlKUYxX_lH-CBvAfc_iVUpzPKsPfAqMgHf4GAfbYpbDqOMM4tZ7ZY&_nc_ohc=K-5309DvfuwQ7kNvwE26AiA&_nc_oc=Adr568g3RZKKWhfeNrBjDRuTe2BgA7UIBP4JRuGwsuNqO6Q6YjJwtwQAIpKGEu0acqg&_nc_zt=23&_nc_ht=scontent.fpnh11-1.fna&_nc_gid=iKya5_hXMacl5QXKUemGvw&_nc_ss=7b2a8&oh=00_AQKShU4_A2hpjsFw0FL9_R--U54rkpGlxah-hITIjMc_hg&oe=6A9D72CD,0,0,0,https://www.facebook.com/ICTDistributionKH
fb_ICT_Distribution_1788321203_2,ICT Distribution,Facebook,2026-09-02 10:52,Success starts with the mindset of continuous improvement. Aim higher. Achieve more.… See more,Photo Post,https://scontent.fpnh11-1.fna.fbcdn.net/v/t39.30808-6/785288060_122184896342892258_2111248674479895573_n.jpg?stp=dst-jpg_tt6&cstp=mx1080x1080&ctp=p526x296&_nc_cat=107&ccb=1-7&_nc_sid=127cfc&_nc_eui2=AeGACnWXaGQvBAh8LNwgz4nJeOerUTtZh75456tRO1mHvgxQgVZDse3omEBm_HgCnmtWeHB6fxQSt56OTDlpBs6K&_nc_ohc=xzZ9HYyoWaoQ7kNvwFG3-Tm&_nc_oc=AdrlNMvZXAL2XYpbEvIFh4_Oeyp6EQ2fn_Kogz-D5yiyKk6O1bWGX80Tr9Jw0XF6GPo&_nc_zt=23&_nc_ht=scontent.fpnh11-1.fna&_nc_gid=iKya5_hXMacl5QXKUemGvw&_nc_ss=7b2a8&oh=00_AQIViVU_PbBk2gr6rDNEBjICdYJ3g5ELUcJ-_ofSh_2hPA&oe=6A9D55E7,0,0,0,https://www.facebook.com/ICTDistributionKH
fb_Root_IT_1788321212_0,Root IT,Facebook,2026-09-02 10:52,Ruijie RG-CS86-20XS4VS2QXS-D 20-Port 10GE SFP+ Ports L3 Switch,Photo Post,https://scontent.fpnh11-1.fna.fbcdn.net/v/t39.30808-6/791687957_1086171667093978_6327316135524093384_n.jpg?stp=dst-jpg_tt6&cstp=mx960x960&ctp=s590x590&_nc_cat=109&ccb=1-7&_nc_sid=127cfc&_nc_eui2=AeGJi94yj8ENq0tbhHWigW1Ft87s7xuWYce3zuzvG5Zhx55n1cfuECp54w-k18cqP35R68v3WxRjTNXJhhX9lWwD&_nc_ohc=wFTANRT45eYQ7kNvwFBspz6&_nc_oc=Adrk9r5PPNdXzgCQgUHk7jodZoWF8SfCeIDd0-A-l0WtfGei9BfmkYjRWoXPjYTptcg&_nc_zt=23&_nc_ht=scontent.fpnh11-1.fna&_nc_gid=TFh_NTC2wiU4iQy3jwUM0w&_nc_ss=7b2a8&oh=00_AQJGJOwmq_9g6ON5RwsY4Tf0IoUi8wfyvmJXha2PahogSw&oe=6A9D8A6E,0,0,0,https://www.facebook.com/rootitsupport
fb_Root_IT_1788321212_1,Root IT,Facebook,2026-09-02 10:52,Ruijie RG-EST450G 5GHz 867Mbps 5km Wireless Bridges,Photo Post,https://scontent.fpnh11-2.fna.fbcdn.net/v/t39.30808-6/788644145_1086086430435835_5187245719044176124_n.jpg?stp=dst-jpg_tt6&cstp=mx960x960&ctp=s590x590&_nc_cat=101&ccb=1-7&_nc_sid=127cfc&_nc_eui2=AeFZ1JH34xGbFBdoANupTRK-RIQ4fS47R81EhDh9LjtHzbuTNZCm2uWmTfIdtyohFHY0T7LYl11Lz078ya1K1GUK&_nc_ohc=BXArhilG5M4Q7kNvwFuHLWC&_nc_oc=Adrw9IhRjQhP4TYdxeAmyad2i6S8vm_lFJaDvy1J7Rl3YaDfU0XhO4L5OoxIwfjPjfM&_nc_zt=23&_nc_ht=scontent.fpnh11-2.fna&_nc_gid=TFh_NTC2wiU4iQy3jwUM0w&_nc_ss=7b2a8&oh=00_AQIUpBc8maKHVHVPX0cfNBqB84Bz_m9sRVj99VYdtBFOjQ&oe=6A9D5DE1,0,0,0,https://www.facebook.com/rootitsupport
fb_Root_IT_1788321212_2,Root IT,Facebook,2026-09-02 10:52,Ruijie AX1800 Dual Band Outdoor Wi-Fi6 Access Point,Photo Post,https://scontent.fpnh11-1.fna.fbcdn.net/v/t39.30808-6/789400825_1085966483781163_3582993684579019248_n.jpg?stp=dst-jpg_tt6&cstp=mx960x960&ctp=s590x590&_nc_cat=109&ccb=1-7&_nc_sid=127cfc&_nc_eui2=AeE3YndlPVFwp2hssa82J3TV2-Pv5r7-Rc_b4-_mvv5Fz_8HBxubynrc7SXp8rmznSiNd0swHbkuHrWLvMfLr9LY&_nc_ohc=ibbT1wkpaaMQ7kNvwFTESDu&_nc_oc=AdqOIKY106CdsihFrpaMSkPMhv0IBPunqG1q7BAMujum8iLFd0p46TKbgzM_jllascc&_nc_zt=23&_nc_ht=scontent.fpnh11-1.fna&_nc_gid=Kv5PaKErbcb9xmFi9i8BJQ&_nc_ss=7b2a8&oh=00_AQIbpTMbSiA4aBdo3VYcArLnADPnCKjzzsiTfoCUN0Z9RA&oe=6A9D7C3E,0,0,0,https://www.facebook.com/rootitsupport
fb_Root_IT_1788321212_3,Root IT,Facebook,2026-09-02 10:52,Ruijie Wi-Fi 6 AX1800 Ceiling Mount Access Point,Photo Post,https://scontent.fpnh11-2.fna.fbcdn.net/v/t39.30808-6/789596243_1085934377117707_3852558913336725242_n.jpg?stp=dst-jpg_tt6&cstp=mx960x960&ctp=s590x590&_nc_cat=104&ccb=1-7&_nc_sid=127cfc&_nc_eui2=AeFufHaVnZda4FyNpPUNarC9uwPTCwPrBSe7A9MLA-sFJ-hQutHndPZXn5PR7xLTz6cMFPXdGicswYUhe4iQ8QJ-&_nc_ohc=is7TcoVAehAQ7kNvwGxzpS_&_nc_oc=AdreCoumJxfpe-CW1YkogadkLsEplyp41e3_vKU42M6fM73Al9gWow8tZaSqvjqe24E&_nc_zt=23&_nc_ht=scontent.fpnh11-2.fna&_nc_gid=Kv5PaKErbcb9xmFi9i8BJQ&_nc_ss=7b2a8&oh=00_AQIiTPYIsRET3t8vPfYlxv9Xuvnx6NRMJWloy38PkAyGFQ&oe=6A9D6963,0,0,0,https://www.facebook.com/rootitsupport
fb_PSC_Computer_1788321221_0,PSC Computer,Facebook,2026-09-02 10:52,តូច ស្រាល តែខ្លាំង បច្ចេកវិទ្យាកាន់តែទំនើបទៅៗហើយ,Photo Post,https://scontent.fpnh11-2.fna.fbcdn.net/v/t39.30808-6/788964077_1490630919762877_4215430937242085009_n.jpg?stp=dst-jpg_tt6&cstp=mx2048x2048&ctp=p526x296&_nc_cat=110&ccb=1-7&_nc_sid=127cfc&_nc_eui2=AeHQp3p1oC1wCjSt0bbVUSetYFWJEaRQdLBgVYkRpFB0sDcU6dDMdNVZdL_oVr5Nw2ZFDchI2GUa10VsmYc7eh4z&_nc_ohc=80zfzQHN7S4Q7kNvwHfwv7L&_nc_oc=AdoftTe5qLMkNH4hsU2Mb7udzhCmEfq_D-foNiCZ2hzMMdyUf3_pCbW--qjLb0yfRi0&_nc_zt=23&_nc_ht=scontent.fpnh11-2.fna&_nc_gid=6MLjLutphCCQaUz7FomsQQ&_nc_ss=7b2a8&oh=00_AQLjCEzqt3lHFt7md4cf7ZCqwlha_NYbqjB10ByFtxy7QA&oe=6A9D55AF,0,0,0,https://www.facebook.com/visit.psc
fb_PSC_Computer_1788321221_1,PSC Computer,Facebook,2026-09-02 10:52,Officially heartbroken,Photo Post,https://scontent.fpnh11-1.fna.fbcdn.net/v/t39.30808-6/789342509_1488932459932723_2409071090553669974_n.jpg?stp=dst-jpg_tt6&cstp=mx2048x2048&ctp=p526x296&_nc_cat=100&ccb=1-7&_nc_sid=127cfc&_nc_eui2=AeHXlN2OBbspcCwReVRbcf4gZDnLIhUjQexkOcsiFSNB7E-_2Ce_FIuI8DLHYOeFcAMbldmNnX5bMg7bMFNXMXa7&_nc_ohc=vmmgkXlTD_UQ7kNvwG3caLT&_nc_oc=AdoPrcHSSUTOH8cf8Y24VTQjt5oho835gb-cnitTIP_6OtyEtgMliakoDiSrb--f2YM&_nc_zt=23&_nc_ht=scontent.fpnh11-1.fna&_nc_gid=6MLjLutphCCQaUz7FomsQQ&_nc_ss=7b2a8&oh=00_AQLPLVe-6QFz9Stlx44deE3u-gKHZHLjfOo9FteYYLkDPQ&oe=6A9D709A,0,0,0,https://www.facebook.com/visit.psc
fb_PSC_Computer_1788321221_2,PSC Computer,Facebook,2026-09-02 10:52,"TV Smart Board, high quality and clear!!!… See more",Video Reel,https://scontent.fpnh11-2.fna.fbcdn.net/v/t15.5256-10/790113304_964465940016652_1879124180461619418_n.jpg?stp=dst-jpg_tt6&cstp=mx360x640&ctp=s360x640&_nc_cat=111&ccb=1-7&_nc_sid=d2b52d&_nc_eui2=AeHDJRmoWQzmrOpTz3bNzSwKoYhS1ttB8wKhiFLW20HzAjIpuYjwDzGkHVH7UyfQ_a6p7aX4SSO76g0w1HBVFc9m&_nc_ohc=aSi4wDrK9CUQ7kNvwFRoZDh&_nc_oc=AdqLoPrj-WMle-3uX-fGQEg1xgWklp1JtQh5l50_mkzOgK4cRDkNJrC1BuKa4jaXL4c&_nc_zt=23&_nc_ht=scontent.fpnh11-2.fna&_nc_gid=6MLjLutphCCQaUz7FomsQQ&_nc_ss=7b2a8&oh=00_AQI2I97qxQNpwsLJ1R-Wv-nWfwd8me5XTcdBKEbnvpkAHg&oe=6A9D68AE,0,0,0,https://www.facebook.com/visit.psc
fb_IQ_Distributor_1788321230_0,IQ Distributor,Facebook,2026-09-02 10:52,ZKTeco SpeedFace-V5L  ប្រព័ន្ធគ្រប់គ្រងការចេញ-ចូល និងវត្តមានបុគ្គលិកដ៏ទំនើប!,Photo Post,https://scontent.fpnh11-2.fna.fbcdn.net/v/t39.30808-6/759796763_1377645231173104_3630648297182848016_n.jpg?stp=dst-jpg_tt6&cstp=mx1280x1280&ctp=p526x296&_nc_cat=101&ccb=1-7&_nc_sid=127cfc&_nc_eui2=AeF-KoUbQqnzPB-FCEL_noiP4imOI69igjbiKY4jr2KCNsa2989cPGUwxLT1Ct3rku6llWr04z_1rprIEkA68ZnN&_nc_ohc=ugPN3Xz9zJUQ7kNvwHSn7T_&_nc_oc=AdqHx4dltXSRlrZXN4ctjxCcX2Rl5VR3mD6uPqu4SuxGd7O3OTvpXB_FxBRwdMgZiXY&_nc_zt=23&_nc_ht=scontent.fpnh11-2.fna&_nc_gid=dv2mjqRG5gwgHy17_NXz9w&_nc_ss=7b2a8&oh=00_AQIlhTJGkma8YvhNT7L8Vfr8ihJr3CNKRpUtDB-Cygxd_A&oe=6A9D7394,0,0,0,https://www.facebook.com/IQDistribution
fb_IQ_Distributor_1788321230_1,IQ Distributor,Facebook,2026-09-02 10:52,Don't let unexpected power outages or voltage fluctuations interrupt your work or entertainment. The APC Easy UPS 1200VA (BVG1200I-MSN) offers reliable power protection… See more,Photo Post,https://scontent.fpnh11-2.fna.fbcdn.net/v/t39.30808-6/758690882_1377644351173192_3399208666782911829_n.jpg?stp=dst-jpg_tt6&cstp=mx1280x1280&ctp=p526x296&_nc_cat=108&ccb=1-7&_nc_sid=127cfc&_nc_eui2=AeHl0GpqzpADP-51-3CbYPq-IPMonSSAvPEg8yidJIC88aatKRnlD8d6YbZNpf-k-u4-zxfVcmoTPB8RZLYzAyoj&_nc_ohc=_RQ-ZTh4fk4Q7kNvwF3syQ8&_nc_oc=Adr9BZH6r0ey_hv7mRex22coIlwEg42JEjztml440cUjfrh-BSHEi71w-jBswVEV4zQ&_nc_zt=23&_nc_ht=scontent.fpnh11-2.fna&_nc_gid=dv2mjqRG5gwgHy17_NXz9w&_nc_ss=7b2a8&oh=00_AQIwFW0WAMc0AFeWSv8KeUxpulKxTKbcEt9LWSYQ1YcqpA&oe=6A9D64E9,0,0,0,https://www.facebook.com/IQDistribution
fb_IQ_Distributor_1788321230_2,IQ Distributor,Facebook,2026-09-02 10:52,Streamline your labeling workflow with the TSC TX210 Desktop Barcode Printer!,Photo Post,https://scontent.fpnh11-2.fna.fbcdn.net/v/t39.30808-6/758854533_1377643641173263_7446561747266512074_n.jpg?stp=dst-jpg_tt6&cstp=mx1280x1280&ctp=p526x296&_nc_cat=110&ccb=1-7&_nc_sid=127cfc&_nc_eui2=AeEbSXlQArVAdcovWHkfbwwgraqwyQ2iMBCtqrDJDaIwEMJnHJjo4qsw4T4wMLFFD2H3S1rSAxWVoq8k1RaXe1pL&_nc_ohc=a6NY9qOCa40Q7kNvwGXa9Qd&_nc_oc=AdqslQ8cAtqX1_Vc6HhI3ET2jG8pgm7Pe0ivwyy-miFCT5vp1W0ZdF0MQhw5ft-pGXU&_nc_zt=23&_nc_ht=scontent.fpnh11-2.fna&_nc_gid=dv2mjqRG5gwgHy17_NXz9w&_nc_ss=7b2a8&oh=00_AQJMk6egXgAhshOlp6iWv6rhzSjK8PiHxgDavmdZaHt5iA&oe=6A9D7705,0,0,0,https://www.facebook.com/IQDistribution
fb_AnAnA_Computer_1787912357_0,AnAnA Computer,Facebook,2026-08-28 17:19,"Vertiv Liebert GXT5-6000IRT5UXLN 
… See more",Photo Post,https://scontent.fpnh11-1.fna.fbcdn.net/v/t39.30808-6/785200726_1500033735486053_6216653963485119187_n.jpg?stp=dst-jpg_tt6&cstp=mx2048x2048&ctp=p526x296&_nc_cat=107&ccb=1-7&_nc_sid=127cfc&_nc_eui2=AeGtzrUBtcigvzx6xDRv1B9ubJjoIZ6bNCxsmOghnps0LIc5TDR3TMNo0BlMOQBzeF6bLuyPzL0Aj-SqP6VFmvK7&_nc_ohc=tSWxgsfwdGcQ7kNvwFSlcMW&_nc_oc=AdoUySTXQnhhhoNBKLu4eg28BOMqKVzPkDX70KR-YbrKT37lk64-94uHE482s4eNkiI&_nc_zt=23&_nc_ht=scontent.fpnh11-1.fna&_nc_gid=DAqcRzpUa3LNn8Rw3H-nBw&_nc_ss=7b2a8&oh=00_AQEth7JZ5vwzhpAA8BHSUo8rQ4bYnqOZ588qY17awVdbBA&oe=6A9740D2,0,0,0,https://www.facebook.com/ananacomputer
fb_AnAnA_Computer_1787912357_1,AnAnA Computer,Facebook,2026-08-28 17:19,Logitech Business Webcams Promotion,Photo Post,https://scontent.fpnh11-2.fna.fbcdn.net/v/t39.30808-6/783856899_1499091898913570_2955474724433754009_n.jpg?stp=dst-jpg_tt6&cstp=mx2048x2048&ctp=s590x590&_nc_cat=111&ccb=1-7&_nc_sid=127cfc&_nc_eui2=AeED5X_vCQIEXPghDXcA5wOL0alrWo39_jHRqWtajf3-MQcvdn2vefl3Fd82E6u6eN7HICvjzC3RijKoCJpvX0xE&_nc_ohc=hcQByiZoidYQ7kNvwHdkLHF&_nc_oc=AdrjGtdvn6zN5UbOIDGr17XbKWL9VTgn6hyHBBVPIbYoF4V_X27SxAcFX--kTzJJd5k&_nc_zt=23&_nc_ht=scontent.fpnh11-2.fna&_nc_gid=DAqcRzpUa3LNn8Rw3H-nBw&_nc_ss=7b2a8&oh=00_AQEAr17oHGGjaUWY7380wDime59TDxI2C2qRvlu-VmWCpw&oe=6A974B54,0,0,0,https://www.facebook.com/ananacomputer
fb_AnAnA_Computer_1787912357_2,AnAnA Computer,Facebook,2026-08-28 17:19,Nikomax Network Cable,Photo Post,https://scontent.fpnh11-1.fna.fbcdn.net/v/t39.30808-6/785885967_1499232395566187_3136863083420341126_n.jpg?stp=dst-jpg_tt6&cstp=mx2048x2048&ctp=p526x296&_nc_cat=105&ccb=1-7&_nc_sid=127cfc&_nc_eui2=AeGaVj0GpiT7DdcgEmWo5OzWiH-y0UWxpliIf7LRRbGmWKrO7qU3eloPpdTi4Nkwwf0DSBoV3PNvBjtEGAgM_dvb&_nc_ohc=kaj094ZmJb8Q7kNvwGcbIrs&_nc_oc=AdplUSoE-N3ZRFIlbTgJNIPKDqnOUywUKojWDAzzvje-7gTHiGm-tdjQCHhNr-6_S4o&_nc_zt=23&_nc_ht=scontent.fpnh11-1.fna&_nc_gid=DAqcRzpUa3LNn8Rw3H-nBw&_nc_ss=7b2a8&oh=00_AQEiBdIjCTmPleoDgE9IlXUJIde5bS82bAZU30tW0pJVzA&oe=6A973102,0,0,0,https://www.facebook.com/ananacomputer
fb_PTC_Computer_1787912366_0,PTC Computer,Facebook,2026-08-28 17:19,𝐀𝐜𝐞𝐫 𝐀𝐬𝐩𝐢𝐫𝐞   មានរូបរាងស្អាត ទំនើបទាន់សម័យ តម្លៃសមរម្យ​ គុណភាពល្អ ងាយស្រួលសម្រាប់ធ្វើការងារ និងសិក្សាកាន់តែល្អប្រសើរ,Photo Post,https://scontent.fpnh11-2.fna.fbcdn.net/v/t39.99422-6/786854446_4562254174012410_6881495552868504823_n.png?stp=dst-jpg_tt6&cstp=mx1920x1920&ctp=s590x590&_nc_cat=108&ccb=1-7&_nc_sid=127cfc&_nc_eui2=AeFvHJioYMo5-HPKXiuk5NOjUVHT6yKNorBRUdPrIo2isNq3JZ7FXD8Rr6-CkccQ_hcjeiwnqovRvFwFtSmj5nbO&_nc_ohc=nLQjnN1GD3gQ7kNvwFB6YQh&_nc_oc=Ado_O583WG8UwiMdwvxxmusIKcLsLzWgOg_YaK36j-9ryB6phAlZU76ZsgzbEGNw_cA&_nc_zt=14&_nc_ht=scontent.fpnh11-2.fna&_nc_gid=pUB97ZAviWq4mFDNro52zg&_nc_ss=7b2a8&oh=00_AQFSy0PedcwZbtLn4KmgD25BClPBgZdXVrwhemeLEBcJqA&oe=6A97462F,0,0,0,https://www.facebook.com/PTCcomputerkh
fb_PTC_Computer_1787912366_1,PTC Computer,Facebook,2026-08-28 17:19,ដោះសោសមត្ថភាពការងាររបស់អ្នកជាមួយ MSI AI Laptop Series ដែលបំពាក់ដោយ Processor ជំនាន់ថ្មី និង AI Performance ខ្ពស់។,Photo Post,https://scontent.fpnh11-2.fna.fbcdn.net/v/t39.99422-6/784819061_1412155854130034_6050242833058576321_n.png?stp=dst-jpg_tt6&cstp=mx1920x1920&ctp=p526x296&_nc_cat=106&ccb=1-7&_nc_sid=127cfc&_nc_eui2=AeGdjRn_2uXPPSC-CiZ2urRT4yU3YL0Vz0LjJTdgvRXPQn8ek-Qaad2hFDdbuMWqYDbhS9RQy-BL-a3xsiMt9sN5&_nc_ohc=SOajomrKJuQQ7kNvwHV-xTN&_nc_oc=AdpILy6_LdCIA64rYDGRdaZMnuATaR4cTQsqtlF3mSu3ZeqcW8mrOXzT-DUUFCK2ozg&_nc_zt=14&_nc_ht=scontent.fpnh11-2.fna&_nc_gid=pUB97ZAviWq4mFDNro52zg&_nc_ss=7b2a8&oh=00_AQFvhHBZjcekd1p4PxEMzR7_u8m_VjxXD8R0dimkAziHxA&oe=6A974DC1,0,0,0,https://www.facebook.com/PTCcomputerkh
fb_PTC_Computer_1787912366_2,PTC Computer,Facebook,2026-08-28 17:19,𝐇𝐞𝐚𝐝𝐬𝐞𝐭 𝐋𝐞𝐧𝐨𝐯𝐨 មាន 𝐇𝐞𝐚𝐝𝐛𝐚𝐧𝐝 ទន់ មិនឈឺត្រចៀក ផ្តល់នូវការកំសាន្តសប្បាយគ្រប់ពេលលោកអ្នកស្តាប់តន្រ្តី,Photo Post,https://scontent.fpnh11-1.fna.fbcdn.net/v/t39.99422-6/778835591_1639940364163550_7516250189215904131_n.png?stp=dst-jpg_tt6&cstp=mx1920x1920&ctp=p526x296&_nc_cat=105&ccb=1-7&_nc_sid=127cfc&_nc_eui2=AeGsAn9ZJkXHy2XSajYXOY961NyRRlSLFZ_U3JFGVIsVn7sT_O4WbNM1WtbCqZoy8JuZ37P8NsZ5LlhGoinm6yCi&_nc_ohc=3QqNVjKatW4Q7kNvwEXZCBy&_nc_oc=Adq9xYjIJhe7ad-mkAQTP0kjaBuGinShRDVNmYrUCFV1k4bxaHBNg83ZqwYdNbpzFk8&_nc_zt=14&_nc_ht=scontent.fpnh11-1.fna&_nc_gid=pUB97ZAviWq4mFDNro52zg&_nc_ss=7b2a8&oh=00_AQGoC57udCGKgbcoO9fRkinm4FS6dosf0V4aBviq4y-EHQ&oe=6A9730EF,0,0,0,https://www.facebook.com/PTCcomputerkh
fb_ICE_Electronics_1787912375_0,ICE Electronics,Facebook,2026-08-28 17:19,AI Solutions for Real Business Challenges… See more,Video Reel,https://scontent.fpnh11-2.fna.fbcdn.net/v/t15.5256-10/784980043_1393706766193568_2106250442041111123_n.jpg?stp=dst-jpg_tt6&cstp=mx1920x1076&ctp=p960x960&_nc_cat=110&ccb=1-7&_nc_sid=5fad0e&_nc_eui2=AeF6qf6tso31gs0SgACG2HcuVB7HaNYRHGlUHsdo1hEcaY11hXpOWmvwUHYykMQ5MydVQvPGGsEJr62-HH37Zi-4&_nc_ohc=bK8iPOB8JYMQ7kNvwG_49WI&_nc_oc=AdphkElAYkBddC_8EadTxgAwhgbmtLpF_ItRi5SYvQJeTQkNY_KGqDV3vgTE9ABcWGw&_nc_zt=23&_nc_ht=scontent.fpnh11-2.fna&_nc_gid=SO4ivaM2UufNZ4HpjOxcvg&_nc_ss=7b2a8&oh=00_AQEYQi9-UHzDmMgHsEZoJY3oUg6JphgBPRu_6IP_nerCtQ&oe=6A9747B4,0,0,0,https://www.facebook.com/ICEElectronics
fb_ICE_Electronics_1787912375_1,ICE Electronics,Facebook,2026-08-28 17:19,"Working for 10 hours, can't see, when resting for 5 minutes, can see immediately!",Video Reel,https://scontent.fpnh11-1.fna.fbcdn.net/v/t15.5256-10/784732485_898453132986253_7909355024986281709_n.jpg?stp=dst-jpg_tt6&cstp=mx1080x1920&ctp=p960x960&_nc_cat=107&ccb=1-7&_nc_sid=5fad0e&_nc_eui2=AeHsGLu-ahiXh6ojhzEa_AQkwe1T9WVAJw7B7VP1ZUAnDgi_XfgTDACCfU8XYI9qwfYqjF5vtetrTALoEmDFvo-Q&_nc_ohc=z4iBo9dvEroQ7kNvwHzo2TH&_nc_oc=AdrexxBVjHsOupYA88EGrkvL6XJZu-urMV62xufsZEqjux9Mb3tPYPckf4BUaGLDpn4&_nc_zt=23&_nc_ht=scontent.fpnh11-1.fna&_nc_gid=hb3aY-hZD_JuAhORCmJgIQ&_nc_ss=7b2a8&oh=00_AQEgViJVVCe2EM3ATDh2K3OO16G7mad1A_-kFfYyx-W4mg&oe=6A971F31,0,0,0,https://www.facebook.com/ICEElectronics
fb_ICE_Electronics_1787912375_2,ICE Electronics,Facebook,2026-08-28 17:19,Why H2O Driverless AI?,Video Reel,https://scontent.fpnh11-2.fna.fbcdn.net/v/t15.5256-10/780422246_974431012332800_99755868341563700_n.jpg?stp=dst-jpg_tt6&cstp=mx1920x1080&ctp=p960x960&_nc_cat=104&ccb=1-7&_nc_sid=5fad0e&_nc_eui2=AeEwVawgW4yKgbcfvQV95kB8_qgXDiyZvmf-qBcOLJm-Z4PmX9qSVLRPH12gvrewslO6fkUHwGV4BEWEpiD2nnzY&_nc_ohc=z0oBHFaYA0oQ7kNvwGqzI4D&_nc_oc=AdpMUFUZ3nw6EG_Weu3J1pNAoL4wCAzMaJARMOCxpLdpIRG-DLxu3L5YBlIKAJNGUGI&_nc_zt=23&_nc_ht=scontent.fpnh11-2.fna&_nc_gid=hb3aY-hZD_JuAhORCmJgIQ&_nc_ss=7b2a8&oh=00_AQGr6KXYDqgJT4a9Fq0cMAgvfXFZIjev3a5XnCCyFe4VKQ&oe=6A9734C4,0,0,0,https://www.facebook.com/ICEElectronics
fb_ICE_Electronics_1787912375_3,ICE Electronics,Facebook,2026-08-28 17:19,The seller has a heart too,Video Reel,https://scontent.fpnh11-1.fna.fbcdn.net/v/t15.5256-10/782582149_1628687675639091_6411077425848841910_n.jpg?stp=dst-jpg_tt6&cstp=mx1080x1920&ctp=p960x960&_nc_cat=100&ccb=1-7&_nc_sid=5fad0e&_nc_eui2=AeHfSssr8fgMn2AlVUDCS75Pi2VMW2neYkCLZUxbad5iQFX_6sTE9UlJCK_H-PI-F1RLZIrETs9M5NlIn3YlbmU5&_nc_ohc=CK6Pyz9mhVMQ7kNvwH1cNhD&_nc_oc=AdpvYYIQaGLpP0HBDbHmlVVPZqDexxYsyMX-vqTOPolV9hl08oL8YOJAP5zByNpxZWo&_nc_zt=23&_nc_ht=scontent.fpnh11-1.fna&_nc_gid=hb3aY-hZD_JuAhORCmJgIQ&_nc_ss=7b2a8&oh=00_AQE4OmS1FZ0QVg9M7tvXrDTpCYEmMsOkBB-la5RMaXekHA&oe=6A97202A,0,0,0,https://www.facebook.com/ICEElectronics
fb_ICE_Electronics_1787912375_4,ICE Electronics,Facebook,2026-08-28 17:19,Logitech K480 Multi-Device Bluetooth Keyboard,Video Reel,https://scontent.fpnh11-1.fna.fbcdn.net/v/t15.5256-10/779273443_1388683313329324_2897963191313654962_n.jpg?stp=dst-jpg_tt6&cstp=mx1080x1350&ctp=p960x960&_nc_cat=105&ccb=1-7&_nc_sid=5fad0e&_nc_eui2=AeGQn5UXbS6FXZgJjjS2Jz6PR1lsP57MbRdHWWw_nsxtF74xgeHZLYKEPTkYBn5hEK6m-uenIMOaO6Hfsc2rxLrj&_nc_ohc=AZzbOVcKd4QQ7kNvwEnWqTI&_nc_oc=AdpwXuGOyASIqC0iFXo7hWZKSYc-ARtMlnMYhrnVfULpBmzHV-EnvK-xSlBIK_czHWk&_nc_zt=23&_nc_ht=scontent.fpnh11-1.fna&_nc_gid=qJKGbCAzLANJPs8rDdu0zg&_nc_ss=7b2a8&oh=00_AQFqa4hsZggI3h91JL5G3rUkXnM_rFBjC_dJNwjrvW17JA&oe=6A971D61,0,0,0,https://www.facebook.com/ICEElectronics
fb_ECI_Distribution_1787912384_0,ECI Distribution,Facebook,2026-08-28 17:19,"HP DesignJet T850 36-in MFP is a machine with 3in1 functions that can Print, Scan and Copy up to A0 size, and it has fast speed and clear image, suitable for technical… See more",Video Reel,,0,0,0,https://www.facebook.com/ecidisti
fb_ECI_Distribution_1787912384_1,ECI Distribution,Facebook,2026-08-28 17:19,Why H2O Driverless AI?,Video Reel,https://scontent.fpnh11-1.fna.fbcdn.net/v/t15.5256-10/780419093_27897031086643941_2603190470246744253_n.jpg?stp=dst-jpg_tt6&cstp=mx1800x1080&ctp=p960x960&_nc_cat=103&ccb=1-7&_nc_sid=5fad0e&_nc_eui2=AeEDkJ7mi76pE7hbOPkCVdB6fSuWvPiYzKt9K5a8-JjMq60FTIZpLBReViC54CfacfJzaTMLeaGzIKKjcUG3YaeD&_nc_ohc=-pMeQH51CTwQ7kNvwGxEW-X&_nc_oc=AdrWWBbglx6nBzsbcgn-4hzlfSld9xieIAf64QMG69natKX-9V7_Syb3e9t0Bwex9ZY&_nc_zt=23&_nc_ht=scontent.fpnh11-1.fna&_nc_gid=maKGqO2ysb9W0td99WGzKg&_nc_ss=7b2a8&oh=00_AQGk1Keo2Epw71gRrnNp1pbh6_UDJl_JJ_1NX8N5NE5E-A&oe=6A9735B1,0,0,0,https://www.facebook.com/ecidisti
fb_ECI_Distribution_1787912384_2,ECI Distribution,Facebook,2026-08-28 17:19,HP Laptop 15-fd1086TU — ជម្រើសដ៏ល្អបំផុតសម្រាប់សិស្សនិស្សិត និងអ្នកធ្វើការ!,Video Reel,https://scontent.fpnh11-2.fna.fbcdn.net/v/t15.5256-10/778426246_2449662068862419_862217106874347401_n.jpg?stp=dst-jpg_tt6&cstp=mx1080x1350&ctp=s960x960&_nc_cat=110&ccb=1-7&_nc_sid=d2b52d&_nc_eui2=AeENbmMNkPgdASWrg7pndqQgNAaYHUmSg4k0BpgdSZKDiUJ4qjmY0XxuAr7pZdUUch7CNPuXmU6llnoT-A_dF45H&_nc_ohc=egr6_KUjdzsQ7kNvwHPXNnM&_nc_oc=Adopxtfn3n9iXTYPpkUoFHCLDtluqhDc4_TDnwClk53rUqQZ2wCh0wKFsEzvapBBHv4&_nc_zt=23&_nc_ht=scontent.fpnh11-2.fna&_nc_gid=maKGqO2ysb9W0td99WGzKg&_nc_ss=7b2a8&oh=00_AQH1n7IW8EKgx10DmCnX-LKlx6BUBiVs6HU5IjSTz3vUPw&oe=6A97272F,0,0,0,https://www.facebook.com/ecidisti
fb_BCS_Computer_1787912393_0,BCS Computer,Facebook,2026-08-28 17:19,Model: Acer Aspire A514-54,Photo Post,https://scontent.fpnh11-2.fna.fbcdn.net/v/t39.30808-6/786543107_1068467245566520_333394098130170355_n.jpg?stp=dst-jpg_tt6&cstp=mx960x1201&ctp=s590x590&_nc_cat=101&ccb=1-7&_nc_sid=833d8c&_nc_eui2=AeGmfB52teGnMqPsBn6Xh7XFM2F73InshzEzYXvcieyHMTnz_Z4_L3jdgdG2Pbng31t_mQo8S795CVbYvJMvvKho&_nc_ohc=iIG3NoYYpfAQ7kNvwGOEWVq&_nc_oc=Adqv0_lugXy6SJvr7h1RFfArzO9rFFW_BXHqSRolInTo519nZ8hNFJ5H9UW7i-NPHPw&_nc_zt=23&_nc_ht=scontent.fpnh11-2.fna&_nc_gid=V95CludvWplMa0myAwPphw&_nc_ss=7b2a8&oh=00_AQEyWkYNlmSOf0abDtsAoC6xpL2-3l8ai9rUXsqQNaSr6Q&oe=6A9725A3,0,0,0,https://www.facebook.com/Bcscomputer168
fb_BCS_Computer_1787912393_1,BCS Computer,Facebook,2026-08-28 17:19,Model: Clone XIGMATEK Board Asus ROG + Monitor,Photo Post,https://scontent.fpnh11-1.fna.fbcdn.net/v/t39.30808-6/786899003_1068280575585187_4260668264053930950_n.jpg?stp=dst-jpg_tt6&cstp=mx960x1200&ctp=s590x590&_nc_cat=109&ccb=1-7&_nc_sid=833d8c&_nc_eui2=AeH_-7yJN6Dko1k-hfs4nZ7pB28WWI7FYBcHbxZYjsVgFxWoNaFwvThc0p0qZ3_adpB55rGfd_q2BfIdo7r467p9&_nc_ohc=2_VrDdNu9EwQ7kNvwGmydtb&_nc_oc=Adq52_deVTFv7JSbE-mRR1LLTwsknCxR9VtK0Kg1W7Y1Td4Icl8L_UEqqbaPLK5EZ80&_nc_zt=23&_nc_ht=scontent.fpnh11-1.fna&_nc_gid=V95CludvWplMa0myAwPphw&_nc_ss=7b2a8&oh=00_AQGXy_Q3O3TGRZZDuiWBBKsPLdvvYvCiVrAdSOrJ77Kgpw&oe=6A972019,0,0,0,https://www.facebook.com/Bcscomputer168
fb_BCS_Computer_1787912393_2,BCS Computer,Facebook,2026-08-28 17:19,#laptopbag កាបូបLaptop original ស្អាតៗ មានស្តុក ចុះ ថ្លៃ50%,Photo Post,https://scontent.fpnh11-1.fna.fbcdn.net/v/t39.30808-6/780374542_1067581248988453_2304452700786059764_n.jpg?stp=dst-jpg_tt6&cstp=mx970x1213&ctp=s590x590&_nc_cat=109&ccb=1-7&_nc_sid=833d8c&_nc_eui2=AeExdPfMhkA600Ub19fmEEo_krfeW3hiT6CSt95beGJPoNkVlx79KSMCH_x8WhcqnH3lIdyi9ubNIb3-sqlyiD8I&_nc_ohc=e5BgRfFATEQQ7kNvwFYpIj_&_nc_oc=AdpeQF8JBMZvzmpaZBENgOI2XLkSL7LNXx1SL1LKvugC8I8vWRH4xyQM5Is2GMlUWv4&_nc_zt=23&_nc_ht=scontent.fpnh11-1.fna&_nc_gid=V95CludvWplMa0myAwPphw&_nc_ss=7b2a8&oh=00_AQGKQUEOOjAYsrwpAojrQLQSHoZAgNG0vzXHSMiPCwMsLg&oe=6A9738A0,0,0,0,https://www.facebook.com/Bcscomputer168
fb_Kim_Heng_Center_1787912402_0,Kim Heng Center,Facebook,2026-08-28 17:19,ទឹកថ្នាំ LaserJet Black ប្រេន #HP ច្រើនម៉ូឌែលជាមួយនឹងតម្លៃសមរម្យ ប្រកបដោយគុណភាពខ្ពស់,Photo Post,https://scontent.fpnh11-2.fna.fbcdn.net/v/t39.30808-6/784430450_1658508836279267_2906984323522421946_n.jpg?stp=dst-jpg_tt6&cstp=mx2000x2000&ctp=s590x590&_nc_cat=106&ccb=1-7&_nc_sid=127cfc&_nc_eui2=AeEK2Fo2tEr54ivPeZGaKpsOx6Ln3FwA-FrHoufcXAD4WkBXRM96lSDbqC25JjgK_6XM3lDYPiEzcmlKD8kJFH7v&_nc_ohc=7Cb6z0jaIxQQ7kNvwFRnA2J&_nc_oc=Adp-iQBTZLZhDyr7TC3w8Sbs3UHVrmRK6YFfAHMFJsUwRzlaW4DCArRNXbepnpVH4FU&_nc_zt=23&_nc_ht=scontent.fpnh11-2.fna&_nc_gid=bgkMeeKgt-gtqMFYL46qsQ&_nc_ss=7b2a8&oh=00_AQGo73Rrio6mXyJb8I-F_6TqmCzXtt0fXGpW0pecq9-eCA&oe=6A9719C0,0,0,0,https://www.facebook.com/kimhengctTrading
fb_Kim_Heng_Center_1787912402_1,Kim Heng Center,Facebook,2026-08-28 17:19,ម៉ាស៊ីនព្រីនធ័រខ្នាតតូច #HP​ ​ជាច្រើនម៉ូឌែលមានក្នុងស្តុកស្រាប់,Photo Post,https://scontent.fpnh11-1.fna.fbcdn.net/v/t39.30808-6/780917535_1658384696291681_8506929214559277031_n.jpg?stp=dst-jpg_tt6&cstp=mx2048x1700&ctp=s640x640&_nc_cat=100&ccb=1-7&_nc_sid=127cfc&_nc_eui2=AeEENgqsrqReceJV_VmxPqMmmiPibfQHZhGaI-Jt9AdmESO6tV2wbBbIW6XSHF6sQggVWsuubXAKmGkGErRJXH13&_nc_ohc=TIm4vc7A6XgQ7kNvwHJrnjp&_nc_oc=AdrRjF0dkihAMnRYoChpX7RZkeMV0QBTtd_3WncUtl2nwo7toM3XYypIS3-4OFuR_YY&_nc_zt=23&_nc_ht=scontent.fpnh11-1.fna&_nc_gid=bgkMeeKgt-gtqMFYL46qsQ&_nc_ss=7b2a8&oh=00_AQGXD9xNffIyr6FtFMPUUwEQqZRfufIvYLuCzchDxwFjYw&oe=6A9726C7,0,0,0,https://www.facebook.com/kimhengctTrading
fb_ICT_Distribution_1787912411_0,ICT Distribution,Facebook,2026-08-28 17:19,STILL WAITING FOR USERS TO REPORT PROBLEMS?… See more,Photo Post,https://scontent.fpnh11-1.fna.fbcdn.net/v/t39.30808-6/786755539_122184531446892258_5566417265872489357_n.jpg?stp=dst-jpg_tt6&cstp=mx1080x1080&ctp=p526x296&_nc_cat=103&ccb=1-7&_nc_sid=127cfc&_nc_eui2=AeFjOy6nuMBOPxKD4oCMjHQnKTJsnw0R6m8pMmyfDRHqb-WoqPwGc9dm4nLF5djh5bEkIwsVjcndZp9GQEAgNapG&_nc_ohc=gD9EdYi3rYEQ7kNvwEZwXS8&_nc_oc=AdrlezVZ-5DncN6nbRPFwo3MYW94LPTYDVYOoA2z-nQOfPvduLumwOgBECtcZlD1hFQ&_nc_zt=23&_nc_ht=scontent.fpnh11-1.fna&_nc_gid=aTQpS5gbblK0P1c2mVBQ4Q&_nc_ss=7b2a8&oh=00_AQFM-c463MuyjYxlLjtQEpC78tbpS6I6kJGkC6ggRrekfg&oe=6A974F96,0,0,0,https://www.facebook.com/ICTDistributionKH
fb_ICT_Distribution_1787912411_1,ICT Distribution,Facebook,2026-08-28 17:19,Support large-scale virtualization with the Supermicro SuperBlade® platform.… See more,Photo Post,https://scontent.fpnh11-1.fna.fbcdn.net/v/t39.30808-6/786801828_122184529520892258_471448081720273391_n.jpg?stp=dst-jpg_tt6&cstp=mx1080x1080&ctp=p526x296&_nc_cat=105&ccb=1-7&_nc_sid=127cfc&_nc_eui2=AeHDWHF3UMGVJaMsOLCPE1pgcjHXRYkSvxZyMddFiRK_FrKoifn9jTx0GhZsgvauRqbtTv5J_TOu_NE-3e52kFHi&_nc_ohc=daOktQrGZWcQ7kNvwEJmfO0&_nc_oc=AdpPjSjhhkkzJaTV-DS9yDILtwbpweOFj0CKBiXjteaacuRFRNHalDxIxlpP3hMWO-k&_nc_zt=23&_nc_ht=scontent.fpnh11-1.fna&_nc_gid=aTQpS5gbblK0P1c2mVBQ4Q&_nc_ss=7b2a8&oh=00_AQFp7toh9Ok-LsHfR8NtX6SNdbE00XFwCU571sXbv2UMUQ&oe=6A9727C5,0,0,0,https://www.facebook.com/ICTDistributionKH
fb_ICT_Distribution_1787912411_2,ICT Distribution,Facebook,2026-08-28 17:19,"Every milestone, breakthrough, and accomplishment begins with a vision and the determination to pursue it. Stay focused, stay consistent, and keep moving toward your go… See more",Photo Post,https://scontent.fpnh11-1.fna.fbcdn.net/v/t39.30808-6/785059094_122184509714892258_7274214872353095698_n.jpg?stp=dst-jpg_tt6&cstp=mx1080x1080&ctp=p526x296&_nc_cat=105&ccb=1-7&_nc_sid=127cfc&_nc_eui2=AeGmeiimNa8kw2SSg8MR3yCI7xihDO941WrvGKEM73jVamdnQ8NzqOzohUgoARZXIRVxFHKH3m3cti47PlXwu9CG&_nc_ohc=-Yo5TOs2cecQ7kNvwHoHdsK&_nc_oc=Adq6-4lexosZAuv1w5PhgHBANKeQ_xbZQLVwIWmIOVonNTPiQxiiEFfPjixzi3B4gvI&_nc_zt=23&_nc_ht=scontent.fpnh11-1.fna&_nc_gid=aTQpS5gbblK0P1c2mVBQ4Q&_nc_ss=7b2a8&oh=00_AQErskOBHgrtosGlszCw5WDjohKy2mw9SQvzmlBNw6YgWA&oe=6A972759,0,0,0,https://www.facebook.com/ICTDistributionKH
fb_Root_IT_1787912420_0,Root IT,Facebook,2026-08-28 17:19,AOC ALL IN ONE Core i7-13620H,Photo Post,https://scontent.fpnh11-2.fna.fbcdn.net/v/t39.30808-6/780374546_1082522294125582_7250192490911028505_n.jpg?stp=dst-jpg_tt6&cstp=mx960x960&ctp=s590x590&_nc_cat=111&ccb=1-7&_nc_sid=127cfc&_nc_eui2=AeHokpG4-c2oMd3KtlkNuGGXtWsaYmS4xZ61axpiZLjFnhLCN_pi9HO_aILzf_oL8MWKt-XW6GgBxV_jUiIo7k3B&_nc_ohc=czcqXWL2WQsQ7kNvwF2kY6f&_nc_oc=AdolWvSTm8orEpfzTRHfkyBvHKOyICvsdjVeuakehwnCVL1QIw4WlzELQdNxp4sxPMs&_nc_zt=23&_nc_ht=scontent.fpnh11-2.fna&_nc_gid=tmKOz8K364dvymnx70jx7Q&_nc_ss=7b2a8&oh=00_AQExfTwNIrMmjUs0tqUGs2VtlzwnTUEQ6ik6tigRzVWqjg&oe=6A974E74,0,0,0,https://www.facebook.com/rootitsupport
fb_Root_IT_1787912420_1,Root IT,Facebook,2026-08-28 17:19,AOC AIO E99-(UPS Built- in)- Core i7-13620H,Photo Post,https://scontent.fpnh11-2.fna.fbcdn.net/v/t39.30808-6/787770042_1082484097462735_255830066656067491_n.jpg?stp=dst-jpg_tt6&cstp=mx960x960&ctp=s590x590&_nc_cat=106&ccb=1-7&_nc_sid=127cfc&_nc_eui2=AeFiidozd1RdXD0baksrUmNp35xAsUSIU7rfnECxRIhTusz3zoMhpF5FJYZ1A4iXiSwveAUZIrkwazamGWNtRZal&_nc_ohc=Sfz3U26TJcUQ7kNvwF9u7gC&_nc_oc=AdoZQmIhjfK2V-hs5GpfAEIzrwmo2z80ARAQ8aEVdL9JwbWBxBW6Ghi8tVGImwgWmyI&_nc_zt=23&_nc_ht=scontent.fpnh11-2.fna&_nc_gid=e49H-8Tht_7Rfq5v_3g7rQ&_nc_ss=7b2a8&oh=00_AQFbUpV7eBHgysZdAvjqqLGVCE0WSafQAXCNegvIB-G8Vg&oe=6A973351,0,0,0,https://www.facebook.com/rootitsupport
fb_Root_IT_1787912420_2,Root IT,Facebook,2026-08-28 17:19,Lenovo IdeaCentre AIO 27ILL11 Ultra7 256V,Photo Post,https://scontent.fpnh11-2.fna.fbcdn.net/v/t39.30808-6/778985231_1081911070853371_5378367488699873370_n.jpg?stp=dst-jpg_tt6&cstp=mx960x960&ctp=s590x590&_nc_cat=106&ccb=1-7&_nc_sid=127cfc&_nc_eui2=AeGq3yAbAMvgYZ5_pFJAdFo8zNkyK2DJBHLM2TIrYMkEchP-UPJDEDXI9_6GAMP1WkuA054sH-xT8W-8RYLRexud&_nc_ohc=gufvNQN843UQ7kNvwE-H5uS&_nc_oc=AdrS-w4_PdDT1WZk1qD-PltKJ_6oC7xNIvWDfl8e3O9tplYlie65Zik7Q3XfhDJvcMM&_nc_zt=23&_nc_ht=scontent.fpnh11-2.fna&_nc_gid=e49H-8Tht_7Rfq5v_3g7rQ&_nc_ss=7b2a8&oh=00_AQEzhOJY7qZVvuBN_EaJPtVzoPOr-eemnT8w6mRiRbcSbQ&oe=6A9737BC,0,0,0,https://www.facebook.com/rootitsupport
fb_Root_IT_1787912420_3,Root IT,Facebook,2026-08-28 17:19,"Dell Inspiron 24"" None Touch Grey Intel® Core™ 3 100U",Photo Post,https://scontent.fpnh11-1.fna.fbcdn.net/v/t39.30808-6/778985149_1081746044203207_1903411802443936603_n.jpg?stp=dst-jpg_tt6&cstp=mx960x960&ctp=s590x590&_nc_cat=102&ccb=1-7&_nc_sid=127cfc&_nc_eui2=AeH0RHhQJiDqqtebchOB0IWuuTlUXzOVHvW5OVRfM5Ue9UVvb1eBDwJk6ZA0xJRLXceWEOYwQA-ODMeUbNWusgIe&_nc_ohc=w-Pw8Ua0lAEQ7kNvwG00KF_&_nc_oc=AdpueNh9FKeebHQ6SUoqXvhKO4pRNBHPRat6KT_9QtEmiOIh28kqwtxiHPDaxdVSAEY&_nc_zt=23&_nc_ht=scontent.fpnh11-1.fna&_nc_gid=e49H-8Tht_7Rfq5v_3g7rQ&_nc_ss=7b2a8&oh=00_AQEFVZPT2ilWSJhY6trCZOSGtAj82pqWK9IiCB74SMkdfw&oe=6A974ED1,0,0,0,https://www.facebook.com/rootitsupport
fb_Root_IT_1787912420_4,Root IT,Facebook,2026-08-28 17:19,Dell 24 All-in-One EC24250 None Touch-i5 1334U,Photo Post,https://scontent.fpnh11-1.fna.fbcdn.net/v/t39.30808-6/778985169_1081680350876443_6037369112294292952_n.jpg?stp=dst-jpg_tt6&cstp=mx960x960&ctp=s590x590&_nc_cat=103&ccb=1-7&_nc_sid=127cfc&_nc_eui2=AeHp8vp9sYG5JTa8N6RQ3wK63wi7otCMyibfCLui0IzKJrw6VmAZorlDVd9UNp5a_rRQZU4wUUlLPtQUmLcR_Xvo&_nc_ohc=9fSw6IZJ7CgQ7kNvwEPH4ni&_nc_oc=AdoG3_zE8kG0qjQMdPZZpwXWCNKbEL5AyxfYs0_4Moag9k1jS_yT_7aNJ3sTuedFLa4&_nc_zt=23&_nc_ht=scontent.fpnh11-1.fna&_nc_gid=hkYx8RxDd9yLmCdq3k4jpw&_nc_ss=7b2a8&oh=00_AQEFSnLe_C0NT10Akgssbv_K-8BS77zKSHYAPrbVF0ZaTA&oe=6A9730F0,0,0,0,https://www.facebook.com/rootitsupport
fb_PSC_Computer_1787912429_0,PSC Computer,Facebook,2026-08-28 17:19,ពិធីបុណ្យ សែន​ក្បាល​ទឹក (Ghost Festival),Photo Post,https://scontent.fpnh11-2.fna.fbcdn.net/v/t39.30808-6/784075778_1486269816865654_8972994514268048894_n.jpg?stp=dst-jpg_tt6&cstp=mx2048x2048&ctp=p526x296&_nc_cat=104&ccb=1-7&_nc_sid=127cfc&_nc_eui2=AeFIQCUv_a1OpkfyjXOgh69w7rFLA-BcqIfusUsD4Fyoh2Ya01Ika61ZZwJzaiBQ-FW477NCXKvwNBlIAX58ZYcn&_nc_ohc=MNAupYxd9rkQ7kNvwECc7zx&_nc_oc=AdowEec1Z37sVbmgFJpBMJSFbpqrlZO4E_oQwAoPd9jKpn-Kl6T0wZ1zpdrZJXG4M4M&_nc_zt=23&_nc_ht=scontent.fpnh11-2.fna&_nc_gid=LWCPBPRtNtggL41LpomHSg&_nc_ss=7b2a8&oh=00_AQFXDd9DLDBT_ITfAIYrebxQfCqtqZgcEa_F6TtA-V_lOg&oe=6A972999,0,0,0,https://www.facebook.com/visit.psc
fb_PSC_Computer_1787912429_1,PSC Computer,Facebook,2026-08-28 17:19,Ultimate Upgrade. Powers Unleashed.,Photo Post,https://scontent.fpnh11-1.fna.fbcdn.net/v/t39.30808-6/784251257_1486229100203059_406148207452550981_n.jpg?stp=dst-jpg_tt6&cstp=mx2048x2048&ctp=p526x296&_nc_cat=105&ccb=1-7&_nc_sid=127cfc&_nc_eui2=AeGJwM5HTGUR94e_7UQRntIF-XyNjcH3iA35fI2NwfeIDScceAo9pTW5mWCXnPdNulVfOY6F9XdsbGjyhz7JkCR4&_nc_ohc=MQ41AcfWFFoQ7kNvwG5zdz3&_nc_oc=AdqLik98c2t0sQ6lPIWzEvUbQVP_wf2OYM67ZlpbGdpNsntcXGHPfk3vPq34Wd34ncE&_nc_zt=23&_nc_ht=scontent.fpnh11-1.fna&_nc_gid=BU34glTZGZXzh93DnYo-1Q&_nc_ss=7b2a8&oh=00_AQHedfWZfzvgR4TbMzRphMinaL-SiEn6uMdxeym_OCgkuA&oe=6A97209B,0,0,0,https://www.facebook.com/visit.psc
fb_PSC_Computer_1787912429_2,PSC Computer,Facebook,2026-08-28 17:19,You're playing with me,Video Reel,https://scontent.fpnh11-2.fna.fbcdn.net/v/t15.5256-10/785599638_1679637483103134_4555424229384833454_n.jpg?stp=dst-jpg_tt6&cstp=mx1080x1920&ctp=p960x960&_nc_cat=111&ccb=1-7&_nc_sid=5fad0e&_nc_eui2=AeH5T4xoQE1nR3e5rxrfOHVxOiKTpUznPn46IpOlTOc-fsLbCjdzAqX31OMWwJCKZVw33Q520HdL-rK6QAqtKFWm&_nc_ohc=yJoHLmC7kDAQ7kNvwFSm0NQ&_nc_oc=AdpUuD88u8RaHzqFrJj6EOAAsCieMXUxYQXIfl7HGlwBz4b90UrXOudNTCt-vksSUwM&_nc_zt=23&_nc_ht=scontent.fpnh11-2.fna&_nc_gid=BU34glTZGZXzh93DnYo-1Q&_nc_ss=7b2a8&oh=00_AQFSTvPikH-CZ95zRGrFRj54uoj5VjQcvT6FnighicqgIg&oe=6A974DBB,0,0,0,https://www.facebook.com/visit.psc
fb_PSC_Computer_1787912429_3,PSC Computer,Facebook,2026-08-28 17:19,"ស្ងាត់ៗ Apple បញ្ចេញ Mac mini ដំបូងបង្អស់ដែលប្រើបន្ទះឈីប M6 ក្នុងតម្លៃ $899 ខណៈ Mac Studio ទទួលបាន M5 Ultra ចាប់ពី $5,499",Photo Post,https://scontent.fpnh11-2.fna.fbcdn.net/v/t39.30808-6/784717815_1486154913543811_2757443769522962977_n.jpg?stp=dst-jpg_tt6&cstp=mx2048x2048&ctp=p526x296&_nc_cat=108&ccb=1-7&_nc_sid=127cfc&_nc_eui2=AeHSSbgiC7aegN8-z9Nj2di0FiFBOL_kltsWIUE4v-SW28SPeLBIJaUcMbM23oawXzXhSIAdV7KsqarYxAAjQ9Pf&_nc_ohc=HQghIh_tX_4Q7kNvwHk8MUv&_nc_oc=AdqaTdyVxLJ80QE_rQ2o8kSeIh0EfTaiIw5xvUXoIbiEL7MABBzdx0RPsdGrbmmT600&_nc_zt=23&_nc_ht=scontent.fpnh11-2.fna&_nc_gid=BU34glTZGZXzh93DnYo-1Q&_nc_ss=7b2a8&oh=00_AQHB-M0p52-syersi8xF1GtITYFDVB-e4RfydCA11hFZhg&oe=6A974219,0,0,0,https://www.facebook.com/visit.psc
fb_IQ_Distributor_1787912438_0,IQ Distributor,Facebook,2026-08-28 17:19,Streamline your labeling workflow with the TSC TX210 Desktop Barcode Printer!,Photo Post,https://scontent.fpnh11-2.fna.fbcdn.net/v/t39.30808-6/758854533_1377643641173263_7446561747266512074_n.jpg?stp=dst-jpg_tt6&cstp=mx1280x1280&ctp=p526x296&_nc_cat=110&ccb=1-7&_nc_sid=127cfc&_nc_eui2=AeEbSXlQArVAdcovWHkfbwwgraqwyQ2iMBCtqrDJDaIwEMJnHJjo4qsw4T4wMLFFD2H3S1rSAxWVoq8k1RaXe1pL&_nc_ohc=eDhtR4CC6SMQ7kNvwFhyUqI&_nc_oc=Adp-VkOGiquHTyd-hXpNUnPXi1iSlS3EO15E4T8-duO5zjq0Qvdx4Zw98h8M1ETfO2o&_nc_zt=23&_nc_ht=scontent.fpnh11-2.fna&_nc_gid=8bPdLBU8ibkolTDuthX18A&_nc_ss=7b2a8&oh=00_AQH-LHtiChU8nI4uF6mhl9y9SQms4MhdwxQuQRhcuZ7LwA&oe=6A9717C5,0,0,0,https://www.facebook.com/IQDistribution
fb_IQ_Distributor_1787912438_1,IQ Distributor,Facebook,2026-08-28 17:19,POSIFLEX HK-2100 Series ទូសេវាកម្មស្វ័យប្រវត្តិ (Self-Service Kiosk) ដ៏ទំនើប!,Photo Post,https://scontent.fpnh11-2.fna.fbcdn.net/v/t39.30808-6/759872633_1377642964506664_4735453895438854783_n.jpg?stp=dst-jpg_tt6&cstp=mx1280x1280&ctp=p526x296&_nc_cat=106&ccb=1-7&_nc_sid=127cfc&_nc_eui2=AeFgwf6nn7OtPUPrIuwIgWLuULl5joHjcJVQuXmOgeNwleB10rd2zAh2Vgn3hXl5HAZNpasVGEg7jEHD1m3c9FlY&_nc_ohc=wtG0trofrHwQ7kNvwGOeb_y&_nc_oc=AdrXPzi0lJs6NKs0yEpCye_IjdCIbcnKenqNY7ZM70MbBP9zttNMxId6krOiurrIN3Q&_nc_zt=23&_nc_ht=scontent.fpnh11-2.fna&_nc_gid=8bPdLBU8ibkolTDuthX18A&_nc_ss=7b2a8&oh=00_AQFgAIsqYA67g922_Vsccf6bzN5AY5mBcaNS0SAd7JRCiw&oe=6A9721FC,0,0,0,https://www.facebook.com/IQDistribution
fb_IQ_Distributor_1787912438_2,IQ Distributor,Facebook,2026-08-28 17:19,Enhance accuracy and throughput at your checkouts and inventory counters with the Honeywell 1950G Corded Area-Imaging Scanner. Engineered for superior scanning perform… See more,Photo Post,https://scontent.fpnh11-1.fna.fbcdn.net/v/t39.30808-6/759773142_1377642201173407_4768986130140297246_n.jpg?stp=dst-jpg_tt6&cstp=mx1280x1280&ctp=p526x296&_nc_cat=105&ccb=1-7&_nc_sid=127cfc&_nc_eui2=AeGAfJ-o_B4Itq3jAMf135QkTaL2Iro3BBNNovYiujcEE3eQYg-2SpNXTJuaiGvle66j0O7i0DhtjO5y8KSZTWei&_nc_ohc=O7WB9GNZPMoQ7kNvwF02cLn&_nc_oc=Adr2ax0e7JuM7IIEZ_mtXvkHnSrLt4nEfVU_B3Sx8uKRakbqIPGGBGknkHfKuTopXjQ&_nc_zt=23&_nc_ht=scontent.fpnh11-1.fna&_nc_gid=8bPdLBU8ibkolTDuthX18A&_nc_ss=7b2a8&oh=00_AQG0qViNb-04hfPMrt6vOzlW5sEqA1cvtXHPCJMu2eKIOw&oe=6A9730A6,0,0,0,https://www.facebook.com/IQDistribution
fb_AnAnA_Computer_1787911464_0,AnAnA Computer,Facebook,2026-08-28 17:04,MikroTik CCR2004-1G-12S+2XS,Photo Post,https://scontent.fpnh11-2.fna.fbcdn.net/v/t39.30808-6/786342962_1500085322147561_3401085114890209181_n.jpg?stp=dst-jpg_tt6&cstp=mx2048x2048&ctp=p526x296&_nc_cat=108&ccb=1-7&_nc_sid=127cfc&_nc_eui2=AeF6acp8d0eDgkr1lsI2wHu1qNnV1S63r4qo2dXVLrevilAcoq4n17CaqK8gK4tJfTws_YChCp4vqyAVnAE_UFd3&_nc_ohc=0--7cewN1GcQ7kNvwE5Px9L&_nc_oc=AdoSc1UV2i-E5Ua1NypdbUqI7Bmqrr8rDam4kbRedaH4S621h4_cHwDradVFXRGUH-c&_nc_zt=23&_nc_ht=scontent.fpnh11-2.fna&_nc_gid=GTtYgAnm7PTvNKNyPwuKiQ&_nc_ss=7b2a8&oh=00_AQG-V-ZEA5TnYf4sJ4oGAN1HcrNhd9SxChQr548EM9JCTg&oe=6A9718EC,0,0,0,https://www.facebook.com/ananacomputer
fb_AnAnA_Computer_1787911464_1,AnAnA Computer,Facebook,2026-08-28 17:04,"Vertiv Liebert GXT5-6000IRT5UXLN 
… See more",Photo Post,https://scontent.fpnh11-1.fna.fbcdn.net/v/t39.30808-6/785200726_1500033735486053_6216653963485119187_n.jpg?stp=dst-jpg_tt6&cstp=mx2048x2048&ctp=p526x296&_nc_cat=107&ccb=1-7&_nc_sid=127cfc&_nc_eui2=AeGtzrUBtcigvzx6xDRv1B9ubJjoIZ6bNCxsmOghnps0LIc5TDR3TMNo0BlMOQBzeF6bLuyPzL0Aj-SqP6VFmvK7&_nc_ohc=tSWxgsfwdGcQ7kNvwFSlcMW&_nc_oc=AdoUySTXQnhhhoNBKLu4eg28BOMqKVzPkDX70KR-YbrKT37lk64-94uHE482s4eNkiI&_nc_zt=23&_nc_ht=scontent.fpnh11-1.fna&_nc_gid=Nv1JUO1jumtqezqtM9nETg&_nc_ss=7b2a8&oh=00_AQG9j26BkHUDTmXt7Sm8jZTEOIG-MPVSOvg8olewegCF3A&oe=6A9740D2,0,0,0,https://www.facebook.com/ananacomputer
fb_AnAnA_Computer_1787911464_2,AnAnA Computer,Facebook,2026-08-28 17:04,Logitech Business Webcams Promotion,Photo Post,https://scontent.fpnh11-2.fna.fbcdn.net/v/t39.30808-6/783856899_1499091898913570_2955474724433754009_n.jpg?stp=dst-jpg_tt6&cstp=mx2048x2048&ctp=s590x590&_nc_cat=111&ccb=1-7&_nc_sid=127cfc&_nc_eui2=AeED5X_vCQIEXPghDXcA5wOL0alrWo39_jHRqWtajf3-MQcvdn2vefl3Fd82E6u6eN7HICvjzC3RijKoCJpvX0xE&_nc_ohc=hcQByiZoidYQ7kNvwHdkLHF&_nc_oc=AdrjGtdvn6zN5UbOIDGr17XbKWL9VTgn6hyHBBVPIbYoF4V_X27SxAcFX--kTzJJd5k&_nc_zt=23&_nc_ht=scontent.fpnh11-2.fna&_nc_gid=Nv1JUO1jumtqezqtM9nETg&_nc_ss=7b2a8&oh=00_AQFgPHvcNgnKd0sZ9lRO5HYR7895I28fvfZSMNH52XqQxQ&oe=6A974B54,0,0,0,https://www.facebook.com/ananacomputer
fb_PTC_Computer_1787911473_0,PTC Computer,Facebook,2026-08-28 17:04,𝐀𝐜𝐞𝐫 𝐀𝐬𝐩𝐢𝐫𝐞   មានរូបរាងស្អាត ទំនើបទាន់សម័យ តម្លៃសមរម្យ​ គុណភាពល្អ ងាយស្រួលសម្រាប់ធ្វើការងារ និងសិក្សាកាន់តែល្អប្រសើរ,Photo Post,https://scontent.fpnh11-2.fna.fbcdn.net/v/t39.99422-6/786854446_4562254174012410_6881495552868504823_n.png?stp=dst-jpg_tt6&cstp=mx1920x1920&ctp=s590x590&_nc_cat=108&ccb=1-7&_nc_sid=127cfc&_nc_eui2=AeFvHJioYMo5-HPKXiuk5NOjUVHT6yKNorBRUdPrIo2isNq3JZ7FXD8Rr6-CkccQ_hcjeiwnqovRvFwFtSmj5nbO&_nc_ohc=nLQjnN1GD3gQ7kNvwFB6YQh&_nc_oc=Ado_O583WG8UwiMdwvxxmusIKcLsLzWgOg_YaK36j-9ryB6phAlZU76ZsgzbEGNw_cA&_nc_zt=14&_nc_ht=scontent.fpnh11-2.fna&_nc_gid=pFg4B5nNB_zi85icxZymcA&_nc_ss=7b2a8&oh=00_AQEFbP2lZ8P1dfOa0v7k-lVDhr0sE8fO75eTta3-s8g2sg&oe=6A97462F,0,0,0,https://www.facebook.com/PTCcomputerkh
fb_PTC_Computer_1787911473_1,PTC Computer,Facebook,2026-08-28 17:04,ដោះសោសមត្ថភាពការងាររបស់អ្នកជាមួយ MSI AI Laptop Series ដែលបំពាក់ដោយ Processor ជំនាន់ថ្មី និង AI Performance ខ្ពស់។,Photo Post,https://scontent.fpnh11-2.fna.fbcdn.net/v/t39.99422-6/784819061_1412155854130034_6050242833058576321_n.png?stp=dst-jpg_tt6&cstp=mx1920x1920&ctp=p526x296&_nc_cat=106&ccb=1-7&_nc_sid=127cfc&_nc_eui2=AeGdjRn_2uXPPSC-CiZ2urRT4yU3YL0Vz0LjJTdgvRXPQn8ek-Qaad2hFDdbuMWqYDbhS9RQy-BL-a3xsiMt9sN5&_nc_ohc=SOajomrKJuQQ7kNvwHV-xTN&_nc_oc=AdpILy6_LdCIA64rYDGRdaZMnuATaR4cTQsqtlF3mSu3ZeqcW8mrOXzT-DUUFCK2ozg&_nc_zt=14&_nc_ht=scontent.fpnh11-2.fna&_nc_gid=E3H4hFqDWD97AstyUH-CSA&_nc_ss=7b2a8&oh=00_AQHmWRxnR5QGo5V-cOyy8GE5EbbOeBjmsG_1IV6-cQvWqQ&oe=6A971581,0,0,0,https://www.facebook.com/PTCcomputerkh
fb_PTC_Computer_1787911473_2,PTC Computer,Facebook,2026-08-28 17:04,𝐇𝐞𝐚𝐝𝐬𝐞𝐭 𝐋𝐞𝐧𝐨𝐯𝐨 មាន 𝐇𝐞𝐚𝐝𝐛𝐚𝐧𝐝 ទន់ មិនឈឺត្រចៀក ផ្តល់នូវការកំសាន្តសប្បាយគ្រប់ពេលលោកអ្នកស្តាប់តន្រ្តី,Photo Post,https://scontent.fpnh11-1.fna.fbcdn.net/v/t39.99422-6/778835591_1639940364163550_7516250189215904131_n.png?stp=dst-jpg_tt6&cstp=mx1920x1920&ctp=p526x296&_nc_cat=105&ccb=1-7&_nc_sid=127cfc&_nc_eui2=AeGsAn9ZJkXHy2XSajYXOY961NyRRlSLFZ_U3JFGVIsVn7sT_O4WbNM1WtbCqZoy8JuZ37P8NsZ5LlhGoinm6yCi&_nc_ohc=3QqNVjKatW4Q7kNvwEXZCBy&_nc_oc=Adq9xYjIJhe7ad-mkAQTP0kjaBuGinShRDVNmYrUCFV1k4bxaHBNg83ZqwYdNbpzFk8&_nc_zt=14&_nc_ht=scontent.fpnh11-1.fna&_nc_gid=E3H4hFqDWD97AstyUH-CSA&_nc_ss=7b2a8&oh=00_AQH91WnPHYwdAnZo7qR3knri3Aoql-pInlbrJohppNuQDg&oe=6A9730EF,0,0,0,https://www.facebook.com/PTCcomputerkh
fb_PTC_Computer_1787911473_3,PTC Computer,Facebook,2026-08-28 17:04,𝐆𝐚𝐦𝐢𝐧𝐠 𝐒𝐩𝐞𝐚𝐤𝐞𝐫 𝐋𝐨𝐠𝐢𝐭𝐞𝐜𝐡​  រូបរាងស្អាត ស៊ីវិល័យ សម្លេងពិរោះ ច្បាស់ល្អ,Photo Post,https://scontent.fpnh11-2.fna.fbcdn.net/v/t39.99422-6/784226620_1562270435599505_7623524408034214713_n.png?stp=dst-jpg_tt6&cstp=mx2048x2048&ctp=s590x590&_nc_cat=108&ccb=1-7&_nc_sid=127cfc&_nc_eui2=AeGX8m771BNXEer-6Yl1wfCbQP3BLrxGTvVA_cEuvEZO9Z0kZAU2jfxGz0WiQPGJMrTez06QXe8Ut0dFC0sIZorX&_nc_ohc=8dbxC76G2X0Q7kNvwH7oz9G&_nc_oc=AdpjTrbJ5NbrrimuRF6i1u22sx4kPT48g1UQRdbiBCGi8NNjjw0zqfKP5GMF1Qf9Zmw&_nc_zt=14&_nc_ht=scontent.fpnh11-2.fna&_nc_gid=E3H4hFqDWD97AstyUH-CSA&_nc_ss=7b2a8&oh=00_AQFg_bLo7B2UAu2E5c4nJaR6R2mWnm9AbVC4cKcBHrQ6MA&oe=6A9722C7,0,0,0,https://www.facebook.com/PTCcomputerkh
fb_ICE_Electronics_1787911482_0,ICE Electronics,Facebook,2026-08-28 17:04,"Working for 10 hours, can't see, when resting for 5 minutes, can see immediately!",Video Reel,https://scontent.fpnh11-1.fna.fbcdn.net/v/t15.5256-10/784732485_898453132986253_7909355024986281709_n.jpg?stp=dst-jpg_tt6&cstp=mx1080x1920&ctp=p960x960&_nc_cat=107&ccb=1-7&_nc_sid=5fad0e&_nc_eui2=AeHsGLu-ahiXh6ojhzEa_AQkwe1T9WVAJw7B7VP1ZUAnDgi_XfgTDACCfU8XYI9qwfYqjF5vtetrTALoEmDFvo-Q&_nc_ohc=z4iBo9dvEroQ7kNvwHzo2TH&_nc_oc=AdrexxBVjHsOupYA88EGrkvL6XJZu-urMV62xufsZEqjux9Mb3tPYPckf4BUaGLDpn4&_nc_zt=23&_nc_ht=scontent.fpnh11-1.fna&_nc_gid=ifKsz62Io_Uei_KG9M-viw&_nc_ss=7b2a8&oh=00_AQFlNDtzWTN0hJsYiqnNQlMTTqPxZwrM_X8bf-EMtzShJg&oe=6A971F31,0,0,0,https://www.facebook.com/ICEElectronics
fb_ICE_Electronics_1787911482_1,ICE Electronics,Facebook,2026-08-28 17:04,Why H2O Driverless AI?,Video Reel,https://scontent.fpnh11-2.fna.fbcdn.net/v/t15.5256-10/780422246_974431012332800_99755868341563700_n.jpg?stp=dst-jpg_tt6&cstp=mx1920x1080&ctp=p960x960&_nc_cat=104&ccb=1-7&_nc_sid=5fad0e&_nc_eui2=AeEwVawgW4yKgbcfvQV95kB8_qgXDiyZvmf-qBcOLJm-Z4PmX9qSVLRPH12gvrewslO6fkUHwGV4BEWEpiD2nnzY&_nc_ohc=z0oBHFaYA0oQ7kNvwGqzI4D&_nc_oc=AdpMUFUZ3nw6EG_Weu3J1pNAoL4wCAzMaJARMOCxpLdpIRG-DLxu3L5YBlIKAJNGUGI&_nc_zt=23&_nc_ht=scontent.fpnh11-2.fna&_nc_gid=ifKsz62Io_Uei_KG9M-viw&_nc_ss=7b2a8&oh=00_AQGk5qjidklBqN0i0nsjyd5_j8dxikIhXqsHQ86ktSoYGg&oe=6A9734C4,0,0,0,https://www.facebook.com/ICEElectronics
fb_ICE_Electronics_1787911482_2,ICE Electronics,Facebook,2026-08-28 17:04,The seller has a heart too,Video Reel,https://scontent.fpnh11-1.fna.fbcdn.net/v/t15.5256-10/782582149_1628687675639091_6411077425848841910_n.jpg?stp=dst-jpg_tt6&cstp=mx1080x1920&ctp=p960x960&_nc_cat=100&ccb=1-7&_nc_sid=5fad0e&_nc_eui2=AeHfSssr8fgMn2AlVUDCS75Pi2VMW2neYkCLZUxbad5iQFX_6sTE9UlJCK_H-PI-F1RLZIrETs9M5NlIn3YlbmU5&_nc_ohc=CK6Pyz9mhVMQ7kNvwH1cNhD&_nc_oc=AdpvYYIQaGLpP0HBDbHmlVVPZqDexxYsyMX-vqTOPolV9hl08oL8YOJAP5zByNpxZWo&_nc_zt=23&_nc_ht=scontent.fpnh11-1.fna&_nc_gid=ifKsz62Io_Uei_KG9M-viw&_nc_ss=7b2a8&oh=00_AQHwdWfDCjNPNaVx722Vy-Rd1Bcm1MvYTsFL9evZEKPQrg&oe=6A97202A,0,0,0,https://www.facebook.com/ICEElectronics
fb_ICE_Electronics_1787911482_3,ICE Electronics,Facebook,2026-08-28 17:04,Logitech K480 Multi-Device Bluetooth Keyboard,Video Reel,https://scontent.fpnh11-1.fna.fbcdn.net/v/t15.5256-10/779273443_1388683313329324_2897963191313654962_n.jpg?stp=dst-jpg_tt6&cstp=mx1080x1350&ctp=p960x960&_nc_cat=105&ccb=1-7&_nc_sid=5fad0e&_nc_eui2=AeGQn5UXbS6FXZgJjjS2Jz6PR1lsP57MbRdHWWw_nsxtF74xgeHZLYKEPTkYBn5hEK6m-uenIMOaO6Hfsc2rxLrj&_nc_ohc=AZzbOVcKd4QQ7kNvwEnWqTI&_nc_oc=AdpwXuGOyASIqC0iFXo7hWZKSYc-ARtMlnMYhrnVfULpBmzHV-EnvK-xSlBIK_czHWk&_nc_zt=23&_nc_ht=scontent.fpnh11-1.fna&_nc_gid=hOhMMd0BTxhj0CRP-aqUXg&_nc_ss=7b2a8&oh=00_AQHlx4R5pUJMcDeroM2FFn5282NOjoq_UqxsqiAVRrnq5Q&oe=6A971D61,0,0,0,https://www.facebook.com/ICEElectronics
fb_ECI_Distribution_1787911492_0,ECI Distribution,Facebook,2026-08-28 17:04,ត្រូវការ​ម៉ាស៊ីនព្រីនសម្រាប់ការិយាល័យតូច ឬការប្រើប្រាស់ផ្ទាល់ខ្លួនមែនទេ? HP Laser MFP 136w ជួយបំពេញការងារបានច្រើនក្នុងម៉ាស៊ីនតែមួយ!,Video Reel,https://scontent.fpnh11-2.fna.fbcdn.net/v/t15.5256-10/782207989_3729316353892595_7884512578836466420_n.jpg?stp=dst-jpg_tt6&cstp=mx1080x1282&ctp=s960x960&_nc_cat=111&ccb=1-7&_nc_sid=d2b52d&_nc_eui2=AeEIG2caNxznr2xDeDfnqp_hdWKpoV8tMm11YqmhXy0ybb_mIZOaU_PQEj2wnQWUcRPVBN0VLZRHEjUjqWiDa3Ne&_nc_ohc=HavTnnDo2oUQ7kNvwGOcB-x&_nc_oc=AdoAb3KIVkwvUDUDmzoCFytn0rekMtlWvrMgBIR5yLaSPkM4ls5PqzIaA7dygdid5DU&_nc_zt=23&_nc_ht=scontent.fpnh11-2.fna&_nc_gid=c-_CocX_myaLj1jGkyVbAw&_nc_ss=7b2a8&oh=00_AQECvJee0nfVSEZMpcIG1_8JbxLRv8wnedBLMJYkUj0WMQ&oe=6A974BA0,0,0,0,https://www.facebook.com/ecidisti
fb_ECI_Distribution_1787911492_1,ECI Distribution,Facebook,2026-08-28 17:04,"HP DesignJet T850 36-in MFP is a machine with 3in1 functions that can Print, Scan and Copy up to A0 size, and it has fast speed and clear image, suitable for technical… See more",Video Reel,,0,0,0,https://www.facebook.com/ecidisti
fb_ECI_Distribution_1787911492_2,ECI Distribution,Facebook,2026-08-28 17:04,Why H2O Driverless AI?,Video Reel,https://scontent.fpnh11-1.fna.fbcdn.net/v/t15.5256-10/780419093_27897031086643941_2603190470246744253_n.jpg?stp=dst-jpg_tt6&cstp=mx1800x1080&ctp=p960x960&_nc_cat=103&ccb=1-7&_nc_sid=5fad0e&_nc_eui2=AeEDkJ7mi76pE7hbOPkCVdB6fSuWvPiYzKt9K5a8-JjMq60FTIZpLBReViC54CfacfJzaTMLeaGzIKKjcUG3YaeD&_nc_ohc=-pMeQH51CTwQ7kNvwGxEW-X&_nc_oc=AdrWWBbglx6nBzsbcgn-4hzlfSld9xieIAf64QMG69natKX-9V7_Syb3e9t0Bwex9ZY&_nc_zt=23&_nc_ht=scontent.fpnh11-1.fna&_nc_gid=v3ABO4tz2KgBF19MHijZZg&_nc_ss=7b2a8&oh=00_AQH4KUMrmkC2ReLwVRMH5wKtOapGJ9_2s7gYJEZQGJvSVg&oe=6A9735B1,0,0,0,https://www.facebook.com/ecidisti
fb_ECI_Distribution_1787911492_3,ECI Distribution,Facebook,2026-08-28 17:04,HP Laptop 15-fd1086TU — ជម្រើសដ៏ល្អបំផុតសម្រាប់សិស្សនិស្សិត និងអ្នកធ្វើការ!,Video Reel,https://scontent.fpnh11-2.fna.fbcdn.net/v/t15.5256-10/778426246_2449662068862419_862217106874347401_n.jpg?stp=dst-jpg_tt6&cstp=mx1080x1350&ctp=s960x960&_nc_cat=110&ccb=1-7&_nc_sid=d2b52d&_nc_eui2=AeENbmMNkPgdASWrg7pndqQgNAaYHUmSg4k0BpgdSZKDiUJ4qjmY0XxuAr7pZdUUch7CNPuXmU6llnoT-A_dF45H&_nc_ohc=egr6_KUjdzsQ7kNvwHPXNnM&_nc_oc=Adopxtfn3n9iXTYPpkUoFHCLDtluqhDc4_TDnwClk53rUqQZ2wCh0wKFsEzvapBBHv4&_nc_zt=23&_nc_ht=scontent.fpnh11-2.fna&_nc_gid=v3ABO4tz2KgBF19MHijZZg&_nc_ss=7b2a8&oh=00_AQFXQhcg3fDikqWT9PyHMgWeXvCGMXc7fyt7KKKELmTHvw&oe=6A97272F,0,0,0,https://www.facebook.com/ecidisti
fb_BCS_Computer_1787911501_0,BCS Computer,Facebook,2026-08-28 17:04,Model: Acer Aspire A514-54,Photo Post,https://scontent.fpnh11-2.fna.fbcdn.net/v/t39.30808-6/786543107_1068467245566520_333394098130170355_n.jpg?stp=dst-jpg_tt6&cstp=mx960x1201&ctp=s590x590&_nc_cat=101&ccb=1-7&_nc_sid=833d8c&_nc_eui2=AeGmfB52teGnMqPsBn6Xh7XFM2F73InshzEzYXvcieyHMTnz_Z4_L3jdgdG2Pbng31t_mQo8S795CVbYvJMvvKho&_nc_ohc=iIG3NoYYpfAQ7kNvwGOEWVq&_nc_oc=Adqv0_lugXy6SJvr7h1RFfArzO9rFFW_BXHqSRolInTo519nZ8hNFJ5H9UW7i-NPHPw&_nc_zt=23&_nc_ht=scontent.fpnh11-2.fna&_nc_gid=7rFjhSpwyKFcseyEpsAnvg&_nc_ss=7b2a8&oh=00_AQFDRZKminwgzM2vIA8xQIC7oYrEm5nO3mlrAAbXRKeVBw&oe=6A9725A3,0,0,0,https://www.facebook.com/Bcscomputer168
fb_BCS_Computer_1787911501_1,BCS Computer,Facebook,2026-08-28 17:04,Model: Clone XIGMATEK Board Asus ROG + Monitor,Photo Post,https://scontent.fpnh11-1.fna.fbcdn.net/v/t39.30808-6/786899003_1068280575585187_4260668264053930950_n.jpg?stp=dst-jpg_tt6&cstp=mx960x1200&ctp=s590x590&_nc_cat=109&ccb=1-7&_nc_sid=833d8c&_nc_eui2=AeH_-7yJN6Dko1k-hfs4nZ7pB28WWI7FYBcHbxZYjsVgFxWoNaFwvThc0p0qZ3_adpB55rGfd_q2BfIdo7r467p9&_nc_ohc=2_VrDdNu9EwQ7kNvwGmydtb&_nc_oc=Adq52_deVTFv7JSbE-mRR1LLTwsknCxR9VtK0Kg1W7Y1Td4Icl8L_UEqqbaPLK5EZ80&_nc_zt=23&_nc_ht=scontent.fpnh11-1.fna&_nc_gid=7rFjhSpwyKFcseyEpsAnvg&_nc_ss=7b2a8&oh=00_AQFwubE6cYQEbgXYizhMRA-lJkDnf7dbyrvnQ4JQMv-hlg&oe=6A972019,0,0,0,https://www.facebook.com/Bcscomputer168
fb_BCS_Computer_1787911501_2,BCS Computer,Facebook,2026-08-28 17:04,#laptopbag កាបូបLaptop original ស្អាតៗ មានស្តុក ចុះ ថ្លៃ50%,Photo Post,https://scontent.fpnh11-1.fna.fbcdn.net/v/t39.30808-6/780374542_1067581248988453_2304452700786059764_n.jpg?stp=dst-jpg_tt6&cstp=mx970x1213&ctp=s590x590&_nc_cat=109&ccb=1-7&_nc_sid=833d8c&_nc_eui2=AeExdPfMhkA600Ub19fmEEo_krfeW3hiT6CSt95beGJPoNkVlx79KSMCH_x8WhcqnH3lIdyi9ubNIb3-sqlyiD8I&_nc_ohc=e5BgRfFATEQQ7kNvwFYpIj_&_nc_oc=AdpeQF8JBMZvzmpaZBENgOI2XLkSL7LNXx1SL1LKvugC8I8vWRH4xyQM5Is2GMlUWv4&_nc_zt=23&_nc_ht=scontent.fpnh11-1.fna&_nc_gid=7rFjhSpwyKFcseyEpsAnvg&_nc_ss=7b2a8&oh=00_AQFtlq9nCxPEBVgvNiuKcXfRBCvOKX0WcdGuUtxr65N6Hw&oe=6A9738A0,0,0,0,https://www.facebook.com/Bcscomputer168
fb_Kim_Heng_Center_1787911510_0,Kim Heng Center,Facebook,2026-08-28 17:04,ទឹកថ្នាំ LaserJet Black ប្រេន #HP ច្រើនម៉ូឌែលជាមួយនឹងតម្លៃសមរម្យ ប្រកបដោយគុណភាពខ្ពស់,Photo Post,https://scontent.fpnh11-2.fna.fbcdn.net/v/t39.30808-6/784430450_1658508836279267_2906984323522421946_n.jpg?stp=dst-jpg_tt6&cstp=mx2000x2000&ctp=s590x590&_nc_cat=106&ccb=1-7&_nc_sid=127cfc&_nc_eui2=AeEK2Fo2tEr54ivPeZGaKpsOx6Ln3FwA-FrHoufcXAD4WkBXRM96lSDbqC25JjgK_6XM3lDYPiEzcmlKD8kJFH7v&_nc_ohc=7Cb6z0jaIxQQ7kNvwFRnA2J&_nc_oc=Adp-iQBTZLZhDyr7TC3w8Sbs3UHVrmRK6YFfAHMFJsUwRzlaW4DCArRNXbepnpVH4FU&_nc_zt=23&_nc_ht=scontent.fpnh11-2.fna&_nc_gid=IXfIlEfWaDeSfpte9aWzqg&_nc_ss=7b2a8&oh=00_AQGnDX6bH-IvTjppPK_itdvUJ7kFB27t34UJDhdBM3NWgQ&oe=6A9719C0,0,0,0,https://www.facebook.com/kimhengctTrading
fb_Kim_Heng_Center_1787911510_1,Kim Heng Center,Facebook,2026-08-28 17:04,ម៉ាស៊ីនព្រីនធ័រខ្នាតតូច #HP​ ​ជាច្រើនម៉ូឌែលមានក្នុងស្តុកស្រាប់,Photo Post,https://scontent.fpnh11-1.fna.fbcdn.net/v/t39.30808-6/780917535_1658384696291681_8506929214559277031_n.jpg?stp=dst-jpg_tt6&cstp=mx2048x1700&ctp=s640x640&_nc_cat=100&ccb=1-7&_nc_sid=127cfc&_nc_eui2=AeEENgqsrqReceJV_VmxPqMmmiPibfQHZhGaI-Jt9AdmESO6tV2wbBbIW6XSHF6sQggVWsuubXAKmGkGErRJXH13&_nc_ohc=TIm4vc7A6XgQ7kNvwHJrnjp&_nc_oc=AdrRjF0dkihAMnRYoChpX7RZkeMV0QBTtd_3WncUtl2nwo7toM3XYypIS3-4OFuR_YY&_nc_zt=23&_nc_ht=scontent.fpnh11-1.fna&_nc_gid=IXfIlEfWaDeSfpte9aWzqg&_nc_ss=7b2a8&oh=00_AQH3tndbrjKycYakFmvO7OI2knF4Fgp9OcsZ4QrwVkoIwA&oe=6A9726C7,0,0,0,https://www.facebook.com/kimhengctTrading
fb_ICT_Distribution_1787911519_0,ICT Distribution,Facebook,2026-08-28 17:04,STILL WAITING FOR USERS TO REPORT PROBLEMS?… See more,Photo Post,https://scontent.fpnh11-1.fna.fbcdn.net/v/t39.30808-6/786755539_122184531446892258_5566417265872489357_n.jpg?stp=dst-jpg_tt6&cstp=mx1080x1080&ctp=p526x296&_nc_cat=103&ccb=1-7&_nc_sid=127cfc&_nc_eui2=AeFjOy6nuMBOPxKD4oCMjHQnKTJsnw0R6m8pMmyfDRHqb-WoqPwGc9dm4nLF5djh5bEkIwsVjcndZp9GQEAgNapG&_nc_ohc=gD9EdYi3rYEQ7kNvwEZwXS8&_nc_oc=AdrlezVZ-5DncN6nbRPFwo3MYW94LPTYDVYOoA2z-nQOfPvduLumwOgBECtcZlD1hFQ&_nc_zt=23&_nc_ht=scontent.fpnh11-1.fna&_nc_gid=7A6YyMhTO5tfJlnhi8116g&_nc_ss=7b2a8&oh=00_AQEgZQs9FH_na7uDyQ6g9z_cJsKXdAVbwsLj3Uoam5CPPQ&oe=6A971756,0,0,0,https://www.facebook.com/ICTDistributionKH
fb_ICT_Distribution_1787911519_1,ICT Distribution,Facebook,2026-08-28 17:04,Support large-scale virtualization with the Supermicro SuperBlade® platform.… See more,Photo Post,https://scontent.fpnh11-1.fna.fbcdn.net/v/t39.30808-6/786801828_122184529520892258_471448081720273391_n.jpg?stp=dst-jpg_tt6&cstp=mx1080x1080&ctp=p526x296&_nc_cat=105&ccb=1-7&_nc_sid=127cfc&_nc_eui2=AeHDWHF3UMGVJaMsOLCPE1pgcjHXRYkSvxZyMddFiRK_FrKoifn9jTx0GhZsgvauRqbtTv5J_TOu_NE-3e52kFHi&_nc_ohc=daOktQrGZWcQ7kNvwEJmfO0&_nc_oc=AdpPjSjhhkkzJaTV-DS9yDILtwbpweOFj0CKBiXjteaacuRFRNHalDxIxlpP3hMWO-k&_nc_zt=23&_nc_ht=scontent.fpnh11-1.fna&_nc_gid=7A6YyMhTO5tfJlnhi8116g&_nc_ss=7b2a8&oh=00_AQFf_GoA8TAUcE4wCR-QhzHinFV7ZioKhNtPlhDx9PozMw&oe=6A9727C5,0,0,0,https://www.facebook.com/ICTDistributionKH
fb_ICT_Distribution_1787911519_2,ICT Distribution,Facebook,2026-08-28 17:04,"Every milestone, breakthrough, and accomplishment begins with a vision and the determination to pursue it. Stay focused, stay consistent, and keep moving toward your go… See more",Photo Post,https://scontent.fpnh11-1.fna.fbcdn.net/v/t39.30808-6/785059094_122184509714892258_7274214872353095698_n.jpg?stp=dst-jpg_tt6&cstp=mx1080x1080&ctp=p526x296&_nc_cat=105&ccb=1-7&_nc_sid=127cfc&_nc_eui2=AeGmeiimNa8kw2SSg8MR3yCI7xihDO941WrvGKEM73jVamdnQ8NzqOzohUgoARZXIRVxFHKH3m3cti47PlXwu9CG&_nc_ohc=-Yo5TOs2cecQ7kNvwHoHdsK&_nc_oc=Adq6-4lexosZAuv1w5PhgHBANKeQ_xbZQLVwIWmIOVonNTPiQxiiEFfPjixzi3B4gvI&_nc_zt=23&_nc_ht=scontent.fpnh11-1.fna&_nc_gid=7A6YyMhTO5tfJlnhi8116g&_nc_ss=7b2a8&oh=00_AQFb8QctJieK9otrYFonlf_bVaIkO8mpeyueeoLQscsXhw&oe=6A972759,0,0,0,https://www.facebook.com/ICTDistributionKH
fb_Root_IT_1787911528_0,Root IT,Facebook,2026-08-28 17:04,AOC ALL IN ONE Core i7-13620H,Photo Post,https://scontent.fpnh11-2.fna.fbcdn.net/v/t39.30808-6/780374546_1082522294125582_7250192490911028505_n.jpg?stp=dst-jpg_tt6&cstp=mx960x960&ctp=s590x590&_nc_cat=111&ccb=1-7&_nc_sid=127cfc&_nc_eui2=AeHokpG4-c2oMd3KtlkNuGGXtWsaYmS4xZ61axpiZLjFnhLCN_pi9HO_aILzf_oL8MWKt-XW6GgBxV_jUiIo7k3B&_nc_ohc=czcqXWL2WQsQ7kNvwF2kY6f&_nc_oc=AdolWvSTm8orEpfzTRHfkyBvHKOyICvsdjVeuakehwnCVL1QIw4WlzELQdNxp4sxPMs&_nc_zt=23&_nc_ht=scontent.fpnh11-2.fna&_nc_gid=Q-XKcegs8_p25ah0BzmjBw&_nc_ss=7b2a8&oh=00_AQEJ-v06EwUUIEZQg1PGTs3a_0HnsUxyHDVELcv3M2BxBw&oe=6A971634,0,0,0,https://www.facebook.com/rootitsupport
fb_Root_IT_1787911528_1,Root IT,Facebook,2026-08-28 17:04,AOC AIO E99-(UPS Built- in)- Core i7-13620H,Photo Post,https://scontent.fpnh11-2.fna.fbcdn.net/v/t39.30808-6/787770042_1082484097462735_255830066656067491_n.jpg?stp=dst-jpg_tt6&cstp=mx960x960&ctp=s590x590&_nc_cat=106&ccb=1-7&_nc_sid=127cfc&_nc_eui2=AeFiidozd1RdXD0baksrUmNp35xAsUSIU7rfnECxRIhTusz3zoMhpF5FJYZ1A4iXiSwveAUZIrkwazamGWNtRZal&_nc_ohc=Sfz3U26TJcUQ7kNvwF9u7gC&_nc_oc=AdoZQmIhjfK2V-hs5GpfAEIzrwmo2z80ARAQ8aEVdL9JwbWBxBW6Ghi8tVGImwgWmyI&_nc_zt=23&_nc_ht=scontent.fpnh11-2.fna&_nc_gid=HvbKFImng7ojdzmtlsnSXw&_nc_ss=7b2a8&oh=00_AQGvxGXaGPDEyFo-g-rCe5DJmlbIeAZnlVASKrN9KP0J2Q&oe=6A973351,0,0,0,https://www.facebook.com/rootitsupport
fb_Root_IT_1787911528_2,Root IT,Facebook,2026-08-28 17:04,Lenovo IdeaCentre AIO 27ILL11 Ultra7 256V,Photo Post,https://scontent.fpnh11-2.fna.fbcdn.net/v/t39.30808-6/778985231_1081911070853371_5378367488699873370_n.jpg?stp=dst-jpg_tt6&cstp=mx960x960&ctp=s590x590&_nc_cat=106&ccb=1-7&_nc_sid=127cfc&_nc_eui2=AeGq3yAbAMvgYZ5_pFJAdFo8zNkyK2DJBHLM2TIrYMkEchP-UPJDEDXI9_6GAMP1WkuA054sH-xT8W-8RYLRexud&_nc_ohc=gufvNQN843UQ7kNvwE-H5uS&_nc_oc=AdrS-w4_PdDT1WZk1qD-PltKJ_6oC7xNIvWDfl8e3O9tplYlie65Zik7Q3XfhDJvcMM&_nc_zt=23&_nc_ht=scontent.fpnh11-2.fna&_nc_gid=HvbKFImng7ojdzmtlsnSXw&_nc_ss=7b2a8&oh=00_AQEh7tT9M0_SSR4V1v74BGlIomawASSLcoiLJ8iwJwJJLA&oe=6A9737BC,0,0,0,https://www.facebook.com/rootitsupport
fb_Root_IT_1787911528_3,Root IT,Facebook,2026-08-28 17:04,"Dell Inspiron 24"" None Touch Grey Intel® Core™ 3 100U",Photo Post,https://scontent.fpnh11-1.fna.fbcdn.net/v/t39.30808-6/778985149_1081746044203207_1903411802443936603_n.jpg?stp=dst-jpg_tt6&cstp=mx960x960&ctp=s590x590&_nc_cat=102&ccb=1-7&_nc_sid=127cfc&_nc_eui2=AeH0RHhQJiDqqtebchOB0IWuuTlUXzOVHvW5OVRfM5Ue9UVvb1eBDwJk6ZA0xJRLXceWEOYwQA-ODMeUbNWusgIe&_nc_ohc=w-Pw8Ua0lAEQ7kNvwG00KF_&_nc_oc=AdpueNh9FKeebHQ6SUoqXvhKO4pRNBHPRat6KT_9QtEmiOIh28kqwtxiHPDaxdVSAEY&_nc_zt=23&_nc_ht=scontent.fpnh11-1.fna&_nc_gid=HvbKFImng7ojdzmtlsnSXw&_nc_ss=7b2a8&oh=00_AQFA-7NKei3zguLw8gl6jdxuutIAWHW9qGlsZNihursyKQ&oe=6A971691,0,0,0,https://www.facebook.com/rootitsupport
fb_Root_IT_1787911528_4,Root IT,Facebook,2026-08-28 17:04,Dell 24 All-in-One EC24250 None Touch-i5 1334U,Photo Post,https://scontent.fpnh11-1.fna.fbcdn.net/v/t39.30808-6/778985169_1081680350876443_6037369112294292952_n.jpg?stp=dst-jpg_tt6&cstp=mx960x960&ctp=s590x590&_nc_cat=103&ccb=1-7&_nc_sid=127cfc&_nc_eui2=AeHp8vp9sYG5JTa8N6RQ3wK63wi7otCMyibfCLui0IzKJrw6VmAZorlDVd9UNp5a_rRQZU4wUUlLPtQUmLcR_Xvo&_nc_ohc=9fSw6IZJ7CgQ7kNvwEPH4ni&_nc_oc=AdoG3_zE8kG0qjQMdPZZpwXWCNKbEL5AyxfYs0_4Moag9k1jS_yT_7aNJ3sTuedFLa4&_nc_zt=23&_nc_ht=scontent.fpnh11-1.fna&_nc_gid=bA5t5r1O8G2ILM2e0W4QKg&_nc_ss=7b2a8&oh=00_AQHpYCN1DT_ADPiiVOSb8ICLz9Ga6EUAklShHNgi-imRHA&oe=6A9730F0,0,0,0,https://www.facebook.com/rootitsupport
fb_PSC_Computer_1787911537_0,PSC Computer,Facebook,2026-08-28 17:04,ពិធីបុណ្យ សែន​ក្បាល​ទឹក (Ghost Festival),Photo Post,https://scontent.fpnh11-2.fna.fbcdn.net/v/t39.30808-6/784075778_1486269816865654_8972994514268048894_n.jpg?stp=dst-jpg_tt6&cstp=mx2048x2048&ctp=p526x296&_nc_cat=104&ccb=1-7&_nc_sid=127cfc&_nc_eui2=AeFIQCUv_a1OpkfyjXOgh69w7rFLA-BcqIfusUsD4Fyoh2Ya01Ika61ZZwJzaiBQ-FW477NCXKvwNBlIAX58ZYcn&_nc_ohc=MNAupYxd9rkQ7kNvwECc7zx&_nc_oc=AdowEec1Z37sVbmgFJpBMJSFbpqrlZO4E_oQwAoPd9jKpn-Kl6T0wZ1zpdrZJXG4M4M&_nc_zt=23&_nc_ht=scontent.fpnh11-2.fna&_nc_gid=mSLSVSGlvzDN5NHH_IqYBg&_nc_ss=7b2a8&oh=00_AQGhYl3_rOUFnRMXAYBbN8t9YMM1fN6CUEWg8bJsuWwSKA&oe=6A972999,0,0,0,https://www.facebook.com/visit.psc
fb_PSC_Computer_1787911537_1,PSC Computer,Facebook,2026-08-28 17:04,Ultimate Upgrade. Powers Unleashed.,Photo Post,https://scontent.fpnh11-1.fna.fbcdn.net/v/t39.30808-6/784251257_1486229100203059_406148207452550981_n.jpg?stp=dst-jpg_tt6&cstp=mx2048x2048&ctp=p526x296&_nc_cat=105&ccb=1-7&_nc_sid=127cfc&_nc_eui2=AeGJwM5HTGUR94e_7UQRntIF-XyNjcH3iA35fI2NwfeIDScceAo9pTW5mWCXnPdNulVfOY6F9XdsbGjyhz7JkCR4&_nc_ohc=MQ41AcfWFFoQ7kNvwG5zdz3&_nc_oc=AdqLik98c2t0sQ6lPIWzEvUbQVP_wf2OYM67ZlpbGdpNsntcXGHPfk3vPq34Wd34ncE&_nc_zt=23&_nc_ht=scontent.fpnh11-1.fna&_nc_gid=WFVPBroaQP3f03gIwKPWXg&_nc_ss=7b2a8&oh=00_AQG1eW5IooYzX6HyaCzwajBVi96c_e26ziFZaaltrk66cw&oe=6A97209B,0,0,0,https://www.facebook.com/visit.psc
fb_PSC_Computer_1787911537_2,PSC Computer,Facebook,2026-08-28 17:04,You're playing with me,Video Reel,https://scontent.fpnh11-2.fna.fbcdn.net/v/t15.5256-10/785599638_1679637483103134_4555424229384833454_n.jpg?stp=dst-jpg_tt6&cstp=mx1080x1920&ctp=p960x960&_nc_cat=111&ccb=1-7&_nc_sid=5fad0e&_nc_eui2=AeH5T4xoQE1nR3e5rxrfOHVxOiKTpUznPn46IpOlTOc-fsLbCjdzAqX31OMWwJCKZVw33Q520HdL-rK6QAqtKFWm&_nc_ohc=yJoHLmC7kDAQ7kNvwFSm0NQ&_nc_oc=AdpUuD88u8RaHzqFrJj6EOAAsCieMXUxYQXIfl7HGlwBz4b90UrXOudNTCt-vksSUwM&_nc_zt=23&_nc_ht=scontent.fpnh11-2.fna&_nc_gid=WFVPBroaQP3f03gIwKPWXg&_nc_ss=7b2a8&oh=00_AQFa5MFvsnCQzYv6YHOwq7YAdLv6EmYLDqO2pCZIehyytg&oe=6A97157B,0,0,0,https://www.facebook.com/visit.psc
fb_PSC_Computer_1787911537_3,PSC Computer,Facebook,2026-08-28 17:04,"ស្ងាត់ៗ Apple បញ្ចេញ Mac mini ដំបូងបង្អស់ដែលប្រើបន្ទះឈីប M6 ក្នុងតម្លៃ $899 ខណៈ Mac Studio ទទួលបាន M5 Ultra ចាប់ពី $5,499",Photo Post,https://scontent.fpnh11-2.fna.fbcdn.net/v/t39.30808-6/784717815_1486154913543811_2757443769522962977_n.jpg?stp=dst-jpg_tt6&cstp=mx2048x2048&ctp=p526x296&_nc_cat=108&ccb=1-7&_nc_sid=127cfc&_nc_eui2=AeHSSbgiC7aegN8-z9Nj2di0FiFBOL_kltsWIUE4v-SW28SPeLBIJaUcMbM23oawXzXhSIAdV7KsqarYxAAjQ9Pf&_nc_ohc=HQghIh_tX_4Q7kNvwHk8MUv&_nc_oc=AdqaTdyVxLJ80QE_rQ2o8kSeIh0EfTaiIw5xvUXoIbiEL7MABBzdx0RPsdGrbmmT600&_nc_zt=23&_nc_ht=scontent.fpnh11-2.fna&_nc_gid=WFVPBroaQP3f03gIwKPWXg&_nc_ss=7b2a8&oh=00_AQE3U5zq03YvKALugOjy6LeEgzOJuu9Zq9IQ6FUuhUBjFw&oe=6A974219,0,0,0,https://www.facebook.com/visit.psc
fb_IQ_Distributor_1787911546_0,IQ Distributor,Facebook,2026-08-28 17:04,Streamline your labeling workflow with the TSC TX210 Desktop Barcode Printer!,Photo Post,https://scontent.fpnh11-2.fna.fbcdn.net/v/t39.30808-6/758854533_1377643641173263_7446561747266512074_n.jpg?stp=dst-jpg_tt6&cstp=mx1280x1280&ctp=p526x296&_nc_cat=110&ccb=1-7&_nc_sid=127cfc&_nc_eui2=AeEbSXlQArVAdcovWHkfbwwgraqwyQ2iMBCtqrDJDaIwEMJnHJjo4qsw4T4wMLFFD2H3S1rSAxWVoq8k1RaXe1pL&_nc_ohc=eDhtR4CC6SMQ7kNvwFhyUqI&_nc_oc=Adp-VkOGiquHTyd-hXpNUnPXi1iSlS3EO15E4T8-duO5zjq0Qvdx4Zw98h8M1ETfO2o&_nc_zt=23&_nc_ht=scontent.fpnh11-2.fna&_nc_gid=iSB6ZqtRb6TJr-KV83cpGA&_nc_ss=7b2a8&oh=00_AQFdaOsn6zLim9JgPK2vbgzQ1zaf-asnZO2vFa8fq1nykA&oe=6A9717C5,0,0,0,https://www.facebook.com/IQDistribution
fb_IQ_Distributor_1787911546_1,IQ Distributor,Facebook,2026-08-28 17:04,POSIFLEX HK-2100 Series ទូសេវាកម្មស្វ័យប្រវត្តិ (Self-Service Kiosk) ដ៏ទំនើប!,Photo Post,https://scontent.fpnh11-2.fna.fbcdn.net/v/t39.30808-6/759872633_1377642964506664_4735453895438854783_n.jpg?stp=dst-jpg_tt6&cstp=mx1280x1280&ctp=p526x296&_nc_cat=106&ccb=1-7&_nc_sid=127cfc&_nc_eui2=AeFgwf6nn7OtPUPrIuwIgWLuULl5joHjcJVQuXmOgeNwleB10rd2zAh2Vgn3hXl5HAZNpasVGEg7jEHD1m3c9FlY&_nc_ohc=wtG0trofrHwQ7kNvwGOeb_y&_nc_oc=AdrXPzi0lJs6NKs0yEpCye_IjdCIbcnKenqNY7ZM70MbBP9zttNMxId6krOiurrIN3Q&_nc_zt=23&_nc_ht=scontent.fpnh11-2.fna&_nc_gid=iSB6ZqtRb6TJr-KV83cpGA&_nc_ss=7b2a8&oh=00_AQH6ITvcqQy3aqVhIKumkXORPQ0f876BmrePDsQ984dSLg&oe=6A9721FC,0,0,0,https://www.facebook.com/IQDistribution
fb_IQ_Distributor_1787911546_2,IQ Distributor,Facebook,2026-08-28 17:04,Enhance accuracy and throughput at your checkouts and inventory counters with the Honeywell 1950G Corded Area-Imaging Scanner. Engineered for superior scanning perform… See more,Photo Post,https://scontent.fpnh11-1.fna.fbcdn.net/v/t39.30808-6/759773142_1377642201173407_4768986130140297246_n.jpg?stp=dst-jpg_tt6&cstp=mx1280x1280&ctp=p526x296&_nc_cat=105&ccb=1-7&_nc_sid=127cfc&_nc_eui2=AeGAfJ-o_B4Itq3jAMf135QkTaL2Iro3BBNNovYiujcEE3eQYg-2SpNXTJuaiGvle66j0O7i0DhtjO5y8KSZTWei&_nc_ohc=O7WB9GNZPMoQ7kNvwF02cLn&_nc_oc=Adr2ax0e7JuM7IIEZ_mtXvkHnSrLt4nEfVU_B3Sx8uKRakbqIPGGBGknkHfKuTopXjQ&_nc_zt=23&_nc_ht=scontent.fpnh11-1.fna&_nc_gid=iSB6ZqtRb6TJr-KV83cpGA&_nc_ss=7b2a8&oh=00_AQH9mjuaZH6D_cC9uZQE3vhBU9as6K7Znr_Iw-IoYbIYzw&oe=6A9730A6,0,0,0,https://www.facebook.com/IQDistribution
fb_PSC_Computer_1787908786_0,PSC Computer,Facebook,2026-08-28 16:18,រាំទាំងភ្ញៀវ រាំទាំងអ្នកលក់,Photo Post,,0,0,0,https://www.facebook.com/visit.psc
fb_PSC_Computer_1787905076_0,PSC Computer,Facebook,2026-08-28 15:16,រាំទាំងភ្ញៀវ រាំទាំងអ្នកលក់,Photo Post,,0,0,0,https://www.facebook.com/visit.psc
fb_PSC_Computer_1787901408_0,PSC Computer,Facebook,2026-08-28 14:14,រាំទាំងភ្ញៀវ រាំទាំងអ្នកលក់,Photo Post,,0,0,0,https://www.facebook.com/visit.psc
fb_PSC_Computer_1787824320_0,PSC Computer,Facebook,2026-08-27 16:50,Chhim Sophearom ជម្រាបសួរបងសូមឆែកប្រអប់សារ,Photo Post,,0,0,0,https://www.facebook.com/visit.psc
fb_PSC_Computer_1787822716_0,PSC Computer,Facebook,2026-08-27 16:23,Chhim Sophearom ជម្រាបសួរបងសូមឆែកប្រអប់សារ,Photo Post,,0,0,0,https://www.facebook.com/visit.psc
fb_PSC_Computer_1787822302_0,PSC Computer,Facebook,2026-08-27 16:17,Chhim Sophearom ជម្រាបសួរបងសូមឆែកប្រអប់សារ,Photo Post,,0,0,0,https://www.facebook.com/visit.psc
fb_PSC_Computer_1787820962_0,PSC Computer,Facebook,2026-08-27 15:54,Chhim Sophearom ជម្រាបសួរបងសូមឆែកប្រអប់សារ,Photo Post,,0,0,0,https://www.facebook.com/visit.psc
fb_PSC_Computer_1787820436_0,PSC Computer,Facebook,2026-08-27 15:45,Chhim Sophearom ជម្រាបសួរបងសូមឆែកប្រអប់សារ,Photo Post,,0,0,0,https://www.facebook.com/visit.psc
fb_PSC_Computer_1787819795_0,PSC Computer,Facebook,2026-08-27 15:35,Chhim Sophearom ជម្រាបសួរបងសូមឆែកប្រអប់សារ,Photo Post,,0,0,0,https://www.facebook.com/visit.psc
fb_PSC_Computer_1787817589_0,PSC Computer,Facebook,2026-08-27 14:58,Chhim Sophearom ជម្រាបសួរបងសូមឆែកប្រអប់សារ,Photo Post,,0,0,0,https://www.facebook.com/visit.psc
fb_AnAnA_Computer_1787816690_0,AnAnA Computer,Facebook,2026-08-27 14:44,MikroTik RB951Ui-2nD (hAP),Video Reel,https://scontent.fpnh11-2.fna.fbcdn.net/v/t15.5256-10/786519788_1531247004996539_405127733633883558_n.jpg?stp=dst-jpg_tt6&cstp=mx1080x1920&ctp=p960x960&_nc_cat=104&ccb=1-7&_nc_sid=5fad0e&_nc_ohc=CXoQs7C_9Y8Q7kNvwHKE9C-&_nc_oc=AdoLVqXUw1rNhs_LYSZjc9g1qVHe7Dlha9oTl7pbtrG71A87QHbXhSfFDWQJ9Tnj97k&_nc_zt=23&_nc_ht=scontent.fpnh11-2.fna&_nc_gid=KFczQT3HAq5qO-UIF8pdUQ&_nc_ss=7b2a8&oh=00_AQEg8-3mEDKCQOgjmPYUrV4xX2Em-oU86LavhQA10F1Z0w&oe=6A95CAC2,0,0,0,https://www.facebook.com/ananacomputer
fb_AnAnA_Computer_1787816690_1,AnAnA Computer,Facebook,2026-08-27 14:44,Dell Pro Tower QCT1250,Photo Post,https://scontent.fpnh11-1.fna.fbcdn.net/v/t39.30808-6/784394131_1498271108995649_4828163858912749628_n.jpg?stp=dst-jpg_tt6&cstp=mx2048x2048&ctp=p526x296&_nc_cat=103&ccb=1-7&_nc_sid=127cfc&_nc_ohc=SAqlpjIEEhUQ7kNvwGK2ISL&_nc_oc=AdohfHQRUHNSDdz5dv_F3VJS10muoNLfjDKrCjf3WyJzfLPUzKC8zEjS9oOGw9OsJqw&_nc_zt=23&_nc_ht=scontent.fpnh11-1.fna&_nc_gid=KFczQT3HAq5qO-UIF8pdUQ&_nc_ss=7b2a8&oh=00_AQHq5gXFKbb9m5n_Ch0QDW4OxCn5FanbP_dZKf1CsV3AaQ&oe=6A95C54B,0,0,0,https://www.facebook.com/ananacomputer
fb_AnAnA_Computer_1787816690_2,AnAnA Computer,Facebook,2026-08-27 14:44,Ruijie Reyee RG-M32,Photo Post,https://scontent.fpnh11-2.fna.fbcdn.net/v/t39.30808-6/785080719_1498137565675670_7017410053439005617_n.jpg?stp=dst-jpg_tt6&cstp=mx2048x2048&ctp=p526x296&_nc_cat=108&ccb=1-7&_nc_sid=127cfc&_nc_ohc=WyDAczGRlucQ7kNvwEKh5Ad&_nc_oc=AdrfFp9BomlazXCXAc7hKgTfqQdK2D8_DKxBY8j8qZ3NtbxtXEM_UaxCx209wYWT10w&_nc_zt=23&_nc_ht=scontent.fpnh11-2.fna&_nc_gid=72tlL0Gg0x1UFXjHMOYUew&_nc_ss=7b2a8&oh=00_AQFIPVYO6dMhT4TJTCP8B4zrmodnw0KfAbpEMbtTlTLHOA&oe=6A95AA48,0,0,0,https://www.facebook.com/ananacomputer
fb_PTC_Computer_1787816708_0,PTC Computer,Facebook,2026-08-27 14:44,ខ្សែ 𝐂𝐚𝐛𝐥𝐞𝐭𝐢𝐦𝐞 ផ្តល់នូវភាពងាយស្រួលសម្រាប់លោកអ្នកអាចភ្ជាប់ទៅកាន់ 𝐃𝐞𝐯𝐢𝐜𝐞𝐬 ជាច្រើនក្នុងពេលតែមួយបាន មានគ្រប់ 𝐏𝐨𝐫𝐭 ទៅតាមតម្រូវការ តម្លៃសមរម្យ,Photo Post,https://scontent.fpnh11-1.fna.fbcdn.net/v/t39.99422-6/786070177_1392261485566282_8227365607129052588_n.png?stp=dst-jpg_tt6&cstp=mx1920x1920&ctp=p526x296&_nc_cat=107&ccb=1-7&_nc_sid=127cfc&_nc_ohc=FJiZGydsyvMQ7kNvwGhJucH&_nc_oc=AdrEyb3b5yskUx0mM6bmHkG8W_PQKNM1obdACQnqJgDSXOAOyR8mgil7hR7yso1kgoQ&_nc_zt=14&_nc_ht=scontent.fpnh11-1.fna&_nc_gid=zpvmF9ydSmCvZZD-QAX7QA&_nc_ss=7b2a8&oh=00_AQEYNeckeThZXyBPps8VvC-jYxb58rDlvpfQTjaYA_2_mg&oe=6A95AB93,0,0,0,https://www.facebook.com/PTCcomputerkh
fb_PTC_Computer_1787816708_1,PTC Computer,Facebook,2026-08-27 14:44,𝐏𝐫𝐢𝐧𝐭𝐞𝐫 𝐄𝐩𝐬𝐨𝐧 𝐄𝐜𝐨𝐓𝐚𝐧𝐤 ជាប្រភេទម៉ាស៊ីន 𝐏𝐫𝐢𝐧𝐭 ដែលសន្សំទឹកថ្នាំបានច្រើន មានតម្លៃសមរម្យ ល្អក្នុងការប្រើប្រាស់ ​𝐏𝐫𝐢𝐧𝐭 បានច្បាស់ល្អ  និងមានការធានាជូន ១ឆ្នាំពេញ​​,Photo Post,https://scontent.fpnh11-2.fna.fbcdn.net/v/t39.99422-6/786939331_1050554681223841_5647232137725202216_n.png?stp=dst-jpg_tt6&cstp=mx2048x2048&ctp=s590x590&_nc_cat=104&ccb=1-7&_nc_sid=127cfc&_nc_ohc=g_eP770cUKgQ7kNvwE8b3bE&_nc_oc=Adq9vbPcVzsxBQ5WfSWA9giRAJa8pGBWurmJnbDBuuxxkSzJ0JPB6lknQhaPwTiGmac&_nc_zt=14&_nc_ht=scontent.fpnh11-2.fna&_nc_gid=x8iy9npPA8pDHq8Dc3YW3A&_nc_ss=7b2a8&oh=00_AQHReSceYHRlXTJLmWqNFeWyLH0bTwUKUZXhMVTuhePQhw&oe=6A95B991,0,0,0,https://www.facebook.com/PTCcomputerkh
fb_PTC_Computer_1787816708_2,PTC Computer,Facebook,2026-08-27 14:44,Dell Insprion  រូបរាងស្រស់ស្អាតខ្លាំង ស្ដើង ស្រាល ទាន់សម័យ ម៉ាសុីនដំណើរការល្អ ធន់នឹងការប្រើប្រាស់,Photo Post,https://scontent.fpnh11-2.fna.fbcdn.net/v/t39.99422-6/786315448_1506423227905730_7915988649622621422_n.png?stp=dst-jpg_tt6&cstp=mx1920x1920&ctp=p526x296&_nc_cat=108&ccb=1-7&_nc_sid=127cfc&_nc_ohc=UInMx6eA5iUQ7kNvwE6maM7&_nc_oc=AdosA6BiY5c4JJEkQrjmUxtzaL7kNS94LokgKTMgWVRwnv9ofcCftvcubqQLXndJFxg&_nc_zt=14&_nc_ht=scontent.fpnh11-2.fna&_nc_gid=x8iy9npPA8pDHq8Dc3YW3A&_nc_ss=7b2a8&oh=00_AQEiSy9EZEcHrOoqQ4jqD75ReSa9OETSVm4uFSkML6DfrQ&oe=6A95AA48,0,0,0,https://www.facebook.com/PTCcomputerkh
fb_PTC_Computer_1787816708_3,PTC Computer,Facebook,2026-08-27 14:44,𝐆𝐚𝐦𝐢𝐧𝐠 𝐒𝐩𝐞𝐚𝐤𝐞𝐫 𝐋𝐨𝐠𝐢𝐭𝐞𝐜𝐡​  រូបរាងស្អាត ស៊ីវិល័យ សម្លេងពិរោះ ច្បាស់ល្អ,Photo Post,https://scontent.fpnh11-2.fna.fbcdn.net/v/t39.99422-6/784226620_1562270435599505_7623524408034214713_n.png?stp=dst-jpg_tt6&cstp=mx2048x2048&ctp=s590x590&_nc_cat=108&ccb=1-7&_nc_sid=127cfc&_nc_ohc=SPdzsPgNK_kQ7kNvwGO7KTw&_nc_oc=AdpNwYvSfNthIFxorYy2DtuCRSxRxnxeuBcnabFgpoCIjUj2pTWrKsL3skZRgEDoiX8&_nc_zt=14&_nc_ht=scontent.fpnh11-2.fna&_nc_gid=zxx9TEASKcJhA2aZBm_5wA&_nc_ss=7b2a8&oh=00_AQEMJqa6n5_uI-rOiOivn-RA8BEDlELE3Yrnh1p-RNLDQA&oe=6A95D147,0,0,0,https://www.facebook.com/PTCcomputerkh
fb_ICE_Electronics_1787816726_0,ICE Electronics,Facebook,2026-08-27 14:44,The seller has a heart too,Video Reel,https://scontent.fpnh11-1.fna.fbcdn.net/v/t15.5256-10/782582149_1628687675639091_6411077425848841910_n.jpg?stp=dst-jpg_tt6&cstp=mx1080x1920&ctp=p960x960&_nc_cat=100&ccb=1-7&_nc_sid=5fad0e&_nc_ohc=CK6Pyz9mhVMQ7kNvwH1cNhD&_nc_oc=AdpvYYIQaGLpP0HBDbHmlVVPZqDexxYsyMX-vqTOPolV9hl08oL8YOJAP5zByNpxZWo&_nc_zt=23&_nc_ht=scontent.fpnh11-1.fna&_nc_gid=CQ1JtE_UfDE2pXZ0TBKhtg&_nc_ss=7b2a8&oh=00_AQEJaNZbPvc20KYG9y3gvwxx8JGi-KqCt8JORa1z-YVh2w&oe=6A95CEAA,0,0,0,https://www.facebook.com/ICEElectronics
fb_ICE_Electronics_1787816726_1,ICE Electronics,Facebook,2026-08-27 14:44,Logitech K480 Multi-Device Bluetooth Keyboard,Video Reel,https://scontent.fpnh11-1.fna.fbcdn.net/v/t15.5256-10/779273443_1388683313329324_2897963191313654962_n.jpg?stp=dst-jpg_tt6&cstp=mx1080x1350&ctp=p960x960&_nc_cat=105&ccb=1-7&_nc_sid=5fad0e&_nc_ohc=AZzbOVcKd4QQ7kNvwEnWqTI&_nc_oc=AdpwXuGOyASIqC0iFXo7hWZKSYc-ARtMlnMYhrnVfULpBmzHV-EnvK-xSlBIK_czHWk&_nc_zt=23&_nc_ht=scontent.fpnh11-1.fna&_nc_gid=DVXKxjthAIZp9wqCqK56VA&_nc_ss=7b2a8&oh=00_AQFlbbmoPc5IXzKuu_H9ZF7UHUIYgL5H3dFm0HfTIlAPxA&oe=6A95CBE1,0,0,0,https://www.facebook.com/ICEElectronics
fb_ICE_Electronics_1787816726_2,ICE Electronics,Facebook,2026-08-27 14:44,លក់នៅភ្នំពេញឆ្អែតហើយ មកលក់នៅមុខបឹង Matcha Strawberry ម្តង,Photo Post,https://scontent.fpnh11-1.fna.fbcdn.net/v/t39.30808-6/781054906_1489687693193004_8706168764541203796_n.jpg?stp=dst-jpg_tt6&cstp=mx1537x1023&ctp=p180x540&_nc_cat=105&ccb=1-7&_nc_sid=127cfc&_nc_ohc=aHpIyuzyYPcQ7kNvwEJnKKS&_nc_oc=AdrmNINA8cFm0XwQuVnd2fJqsFtpd23UPMtanltx4r9rfwyjdt6gt9IJ4IrgOXibjrQ&_nc_zt=23&_nc_ht=scontent.fpnh11-1.fna&_nc_gid=DVXKxjthAIZp9wqCqK56VA&_nc_ss=7b2a8&oh=00_AQHLf9e8bHqYic55DWLdT5WoVXS8VZnP2swRfAPqScJZxA&oe=6A95C088,0,0,0,https://www.facebook.com/ICEElectronics
fb_ECI_Distribution_1787816744_0,ECI Distribution,Facebook,2026-08-27 14:44,HP Laptop 15-fd1086TU — ជម្រើសដ៏ល្អបំផុតសម្រាប់សិស្សនិស្សិត និងអ្នកធ្វើការ!,Video Reel,https://scontent.fpnh11-2.fna.fbcdn.net/v/t15.5256-10/778426246_2449662068862419_862217106874347401_n.jpg?stp=dst-jpg_tt6&cstp=mx1080x1350&ctp=s960x960&_nc_cat=110&ccb=1-7&_nc_sid=d2b52d&_nc_ohc=egr6_KUjdzsQ7kNvwHPXNnM&_nc_oc=Adopxtfn3n9iXTYPpkUoFHCLDtluqhDc4_TDnwClk53rUqQZ2wCh0wKFsEzvapBBHv4&_nc_zt=23&_nc_ht=scontent.fpnh11-2.fna&_nc_gid=Z31aDCZ65F7e1s6FQayBxg&_nc_ss=7b2a8&oh=00_AQHzGostZp7vYjb0qoYFQ4rcdus_gi2E8XcCy0MeSInoSw&oe=6A95D5AF,0,0,0,https://www.facebook.com/ecidisti
fb_ECI_Distribution_1787816744_1,ECI Distribution,Facebook,2026-08-27 14:44,"ManHP LaserJet Managed MFP E731dn Provides Print, Copy and Scan function in one machine, print speed up to 30 pages/min, support A3/A4 paper, and has a tray that can co… See more",Video Reel,,0,0,0,https://www.facebook.com/ecidisti
fb_ECI_Distribution_1787816744_2,ECI Distribution,Facebook,2026-08-27 14:44,Turn Data Into Business Intelligence with AI… See more,Video Reel,https://scontent.fpnh11-1.fna.fbcdn.net/v/t15.5256-10/778882216_2127229821157809_3746299731428461529_n.jpg?stp=dst-jpg_tt6&cstp=mx1920x1080&ctp=p960x960&_nc_cat=103&ccb=1-7&_nc_sid=5fad0e&_nc_ohc=V1QCAVxExKIQ7kNvwF9Eioy&_nc_oc=Adr6sCni5MEOIDz47EXno1ImU4K4s9tlDB9COPakz65_dfZrWMjQkEHjayshZrfzzl8&_nc_zt=23&_nc_ht=scontent.fpnh11-1.fna&_nc_gid=omj1EYPTFPWKKMR2rdo8ZQ&_nc_ss=7b2a8&oh=00_AQH4LQisAbllaTXkBYLKN1DbSikyjGz6XXBNftLJubH_eQ&oe=6A95ABC4,0,0,0,https://www.facebook.com/ecidisti
fb_ECI_Distribution_1787816744_3,ECI Distribution,Facebook,2026-08-27 14:44,"កំពុងស្វែងរកម៉ាស៊ីនព្រីនសម្រាប់ការិយាល័យមែនទេ? 
… See more",Video Reel,https://scontent.fpnh11-2.fna.fbcdn.net/v/t15.5256-10/771399204_1463348995552721_6371439890258253461_n.jpg?stp=dst-jpg_tt6&cstp=mx1080x1350&ctp=s960x960&_nc_cat=101&ccb=1-7&_nc_sid=d2b52d&_nc_ohc=JRj-9q5LnoAQ7kNvwFZAKsA&_nc_oc=AdpM72PZElPabqh_SIR9jurx25bNv7Kd0hfQ01xJFe2p56ZXQCXjWuVAO4WOqdZqcng&_nc_zt=23&_nc_ht=scontent.fpnh11-2.fna&_nc_gid=omj1EYPTFPWKKMR2rdo8ZQ&_nc_ss=7b2a8&oh=00_AQGHQT2S-s0-zUMBVKrf4XoC9iVRPGrJZwed0pNn2ks4yg&oe=6A95BD24,0,0,0,https://www.facebook.com/ecidisti
fb_BCS_Computer_1787816760_0,BCS Computer,Facebook,2026-08-27 14:44,Model : Asus Vivobook E1404GA,Photo Post,https://scontent.fpnh11-2.fna.fbcdn.net/v/t39.30808-6/783986381_1067488155664429_8310811526914214921_n.jpg?stp=dst-jpg_tt6&cstp=mx1280x960&ctp=s590x590&_nc_cat=104&ccb=1-7&_nc_sid=833d8c&_nc_ohc=GqQSkDARklkQ7kNvwH7i7CR&_nc_oc=Adqrbs52xNQBUYarjFR9wse2cO_dZQajJixpSH0vJb2J8qwBgqB_ZPSKYHONyzoZ8hU&_nc_zt=23&_nc_ht=scontent.fpnh11-2.fna&_nc_gid=OMnGDvyX7xAfEiRGQtkO7w&_nc_ss=7b2a8&oh=00_AQG1UeQR7GaicCGjnmFftec1c4HwB2QMdoOYGjGsX_nBzg&oe=6A95C729,0,0,0,https://www.facebook.com/Bcscomputer168
fb_BCS_Computer_1787816760_1,BCS Computer,Facebook,2026-08-27 14:44,Model: Lenovo ThinkPad UltraSlim USB DVD Burner 4X A0E97775,Photo Post,https://scontent.fpnh11-2.fna.fbcdn.net/v/t39.30808-6/785146491_1066901929056385_647353373088978385_n.jpg?stp=dst-jpg_tt6&cstp=mx769x960&ctp=s590x590&_nc_cat=101&ccb=1-7&_nc_sid=833d8c&_nc_ohc=imawcgsg2a4Q7kNvwHQqRY4&_nc_oc=Adpz81bJKIiuGn7y1XZh3b_m-J4xUySLqoSfwq2XgbHBbXLoQ5fnNoETVbv5_MG3qUs&_nc_zt=23&_nc_ht=scontent.fpnh11-2.fna&_nc_gid=HvssEmMmgVjqRtvUQjebRQ&_nc_ss=7b2a8&oh=00_AQH_m_zl7ASBzvqtnWXNNjgMOQ58sg8VbuRti_y_XwTJuw&oe=6A95B858,0,0,0,https://www.facebook.com/Bcscomputer168
fb_BCS_Computer_1787816760_2,BCS Computer,Facebook,2026-08-27 14:44,Model: Asus Rog Strix G731GV,Photo Post,https://scontent.fpnh11-2.fna.fbcdn.net/v/t39.30808-6/787179681_1066886909057887_4135541155242284590_n.jpg?stp=dst-jpg_tt6&cstp=mx959x1200&ctp=s590x590&_nc_cat=108&ccb=1-7&_nc_sid=833d8c&_nc_ohc=eIp99KdKVkMQ7kNvwH2-6c6&_nc_oc=AdrcS-_PsmbTK55rSNtMscXSHgUrW0NaxWVZ66yd5xokXo0agwtCY3m4r9Fdw6nF-2w&_nc_zt=23&_nc_ht=scontent.fpnh11-2.fna&_nc_gid=HvssEmMmgVjqRtvUQjebRQ&_nc_ss=7b2a8&oh=00_AQFmRnV5g7qlfzIoJCzNcUWf3vd5MYEQZg2F87ox3wIq9A&oe=6A95C38F,0,0,0,https://www.facebook.com/Bcscomputer168
fb_Kim_Heng_Center_1787816778_0,Kim Heng Center,Facebook,2026-08-27 14:44,ម៉ាស៊ីនព្រីនធ័រខ្នាតតូច #HP​ ​ជាច្រើនម៉ូឌែលមានក្នុងស្តុកស្រាប់,Photo Post,https://scontent.fpnh11-1.fna.fbcdn.net/v/t39.30808-6/784352942_1658383842958433_766857443772052547_n.jpg?stp=dst-jpg_tt6&cstp=mx2048x1700&ctp=s640x640&_nc_cat=100&ccb=1-7&_nc_sid=127cfc&_nc_ohc=vAIwkwVC4bAQ7kNvwEeRirY&_nc_oc=AdpSPJL-AyxBRZ1IOIdeuFE8BNgRzOGqF1IxCu2KSESRmXa-4cId_S1juHyahrU0yPI&_nc_zt=23&_nc_ht=scontent.fpnh11-1.fna&_nc_gid=_kXhV5HrMkzkwBDDO2TStw&_nc_ss=7b2a8&oh=00_AQEAq5JeaI_HHSsM1IdRfVdhxmcjFPq61bxPctGOrnDR-A&oe=6A95CB30,0,0,0,https://www.facebook.com/kimhengctTrading
fb_Kim_Heng_Center_1787816778_1,Kim Heng Center,Facebook,2026-08-27 14:44,ម៉ាស៊ីនព្រីនធ័រកូល័រទើបចូលស្តុកថ្មី ប្រេន #HP ម៉ូឌែល#581 ជាមួយនឹងតម្លៃសមរម្យ ប្រកបដោយគុណភាពខ្ពស់ មានលក់នៅ KIM HENG C.T យើងខ្ញុំ,Photo Post,https://scontent.fpnh11-1.fna.fbcdn.net/v/t39.30808-6/778958285_1656409466489204_493607527999438724_n.jpg?stp=dst-jpg_tt6&cstp=mx2000x2000&ctp=p526x296&_nc_cat=103&ccb=1-7&_nc_sid=127cfc&_nc_ohc=6kB8sWmWTOgQ7kNvwE3EUzi&_nc_oc=AdqoxDiQcyhExaeWBfq6EZxE7psomAsbvzxTUA5reDaKiyxH_0R5PFEDGcAIdegpbtc&_nc_zt=23&_nc_ht=scontent.fpnh11-1.fna&_nc_gid=_kXhV5HrMkzkwBDDO2TStw&_nc_ss=7b2a8&oh=00_AQH5NVnzun-kCFpYEuFckrJlTl9RqDbySwEe04LPvx3tjg&oe=6A95D037,0,0,0,https://www.facebook.com/kimhengctTrading
fb_Kim_Heng_Center_1787816778_2,Kim Heng Center,Facebook,2026-08-27 14:44,កុំព្យូទ័រយួរដៃ កុំព្យូទ័រយួរដៃ ស្តើង ស្រាល ងាយស្រួលយកតាមខ្លួន​ ម៉ូឌែល #ThinkPad X1 Carbon Gen10,Photo Post,https://scontent.fpnh11-1.fna.fbcdn.net/v/t39.30808-6/779816524_1654463500017134_8201221771886773729_n.jpg?stp=dst-jpg_tt6&cstp=mx1884x2048&ctp=s565x565&_nc_cat=103&ccb=1-7&_nc_sid=127cfc&_nc_ohc=0IqovQFxNkcQ7kNvwGpWelj&_nc_oc=AdpqcMQLmBT4FkgjLAtnYhA0IBSpmifx1-Jo7ZwR_BFHBn5i0ZoB11ZHvuuKYErMlYA&_nc_zt=23&_nc_ht=scontent.fpnh11-1.fna&_nc_gid=GV107YngvdsMCG1rkxkjuw&_nc_ss=7b2a8&oh=00_AQEmv-GawN72Hq684Ydr_48974ocC6DKzMPa3x8FDpFU5g&oe=6A95CD5B,0,0,0,https://www.facebook.com/kimhengctTrading
fb_ICT_Distribution_1787816795_0,ICT Distribution,Facebook,2026-08-27 14:44,Support large-scale virtualization with the Supermicro SuperBlade® platform.… See more,Photo Post,https://scontent.fpnh11-1.fna.fbcdn.net/v/t39.30808-6/786801828_122184529520892258_471448081720273391_n.jpg?stp=dst-jpg_tt6&cstp=mx1080x1080&ctp=p526x296&_nc_cat=105&ccb=1-7&_nc_sid=127cfc&_nc_ohc=daOktQrGZWcQ7kNvwEJmfO0&_nc_oc=AdpPjSjhhkkzJaTV-DS9yDILtwbpweOFj0CKBiXjteaacuRFRNHalDxIxlpP3hMWO-k&_nc_zt=23&_nc_ht=scontent.fpnh11-1.fna&_nc_gid=0DLd-AbMgoTwkJypZukuqg&_nc_ss=7b2a8&oh=00_AQGcAB0X01awVPn6ESWOPgPaSjgAUGuveghmCY7pfc02CQ&oe=6A95D645,0,0,0,https://www.facebook.com/ICTDistributionKH
fb_ICT_Distribution_1787816795_1,ICT Distribution,Facebook,2026-08-27 14:44,"Every milestone, breakthrough, and accomplishment begins with a vision and the determination to pursue it. Stay focused, stay consistent, and keep moving toward your go… See more",Photo Post,https://scontent.fpnh11-1.fna.fbcdn.net/v/t39.30808-6/785059094_122184509714892258_7274214872353095698_n.jpg?stp=dst-jpg_tt6&cstp=mx1080x1080&ctp=p526x296&_nc_cat=105&ccb=1-7&_nc_sid=127cfc&_nc_ohc=-Yo5TOs2cecQ7kNvwHoHdsK&_nc_oc=Adq6-4lexosZAuv1w5PhgHBANKeQ_xbZQLVwIWmIOVonNTPiQxiiEFfPjixzi3B4gvI&_nc_zt=23&_nc_ht=scontent.fpnh11-1.fna&_nc_gid=cPzQPkqBzKdZNsAANtjpbg&_nc_ss=7b2a8&oh=00_AQHscXtA2dR7P8F-lP0mCpueMt8XUr230miahgjjRgF70Q&oe=6A95D5D9,0,0,0,https://www.facebook.com/ICTDistributionKH
fb_ICT_Distribution_1787816795_2,ICT Distribution,Facebook,2026-08-27 14:44,"The HPE Cambodia Partner Summit 2026 brought together ICT Distribution Cambodia, HPE, HPE Aruba Networking, and our valued partners in Siem Reap last August 13 to 15 fo… See more",Photo Post,https://scontent.fpnh11-2.fna.fbcdn.net/v/t39.30808-6/786945795_122184484238892258_161468103869959956_n.jpg?stp=dst-jpg_tt6&cstp=mx2048x1365&ctp=s590x590&_nc_cat=101&ccb=1-7&_nc_sid=127cfc&_nc_ohc=b9sLGD-v3eIQ7kNvwE2kC0H&_nc_oc=Adpr7hYok6KwuFJLnGatBHwv3WvvnOixcGBXnpvWo0blKAfpj4Z81WSpeOCMgd4YhwU&_nc_zt=23&_nc_ht=scontent.fpnh11-2.fna&_nc_gid=cPzQPkqBzKdZNsAANtjpbg&_nc_ss=7b2a8&oh=00_AQFPuT0Xms5dyvsFaaozC6jBdJjK7tnm_aHgzYhVBMKxNA&oe=6A95D6B7,0,0,0,https://www.facebook.com/ICTDistributionKH
fb_ICT_Distribution_1787816795_3,ICT Distribution,Facebook,2026-08-27 14:44,Deliver Exceptional Cloud Gaming Experiences at Scale… See more,Photo Post,https://scontent.fpnh11-2.fna.fbcdn.net/v/t39.30808-6/785584749_122184384542892258_968784071848708592_n.jpg?stp=dst-jpg_tt6&cstp=mx1080x1080&ctp=p526x296&_nc_cat=106&ccb=1-7&_nc_sid=127cfc&_nc_ohc=DykLdi3P6mEQ7kNvwFN74iW&_nc_oc=AdoUQnwiOHC5AwhPlnMH6sHku5fNGKKhlbzhob1CgnmpSi6s9Y0CvHvX-6pbBkLzBwg&_nc_zt=23&_nc_ht=scontent.fpnh11-2.fna&_nc_gid=cPzQPkqBzKdZNsAANtjpbg&_nc_ss=7b2a8&oh=00_AQFh7zsbhXqqPU5oQwgcQZ0z5DfB7WUhwT-xdtk0S-XPvg&oe=6A95D646,0,0,0,https://www.facebook.com/ICTDistributionKH
fb_ICT_Distribution_1787816795_4,ICT Distribution,Facebook,2026-08-27 14:44,"From advanced threat detection to real-time protection, Avast helps safeguard your devices, data, and digital life against today's evolving cyber threats.… See more",Photo Post,https://scontent.fpnh11-2.fna.fbcdn.net/v/t39.30808-6/785364079_122184372062892258_4951324741048369363_n.jpg?stp=dst-jpg_tt6&cstp=mx1080x1080&ctp=p526x296&_nc_cat=111&ccb=1-7&_nc_sid=127cfc&_nc_ohc=u5LCwAyiwqUQ7kNvwEXoFtb&_nc_oc=AdrMnM-KBjsDbmy3KL2V48CoqX4bY9UW3nDs0VQyGBjH6OQhLB2ZcfXnWHm5JE1Zg5Q&_nc_zt=23&_nc_ht=scontent.fpnh11-2.fna&_nc_gid=Z9WVtzLsuXhIET__qQhNww&_nc_ss=7b2a8&oh=00_AQEz7cKdG-y71SltqJTW9MZFYwGkB0_4zwfEQTdSlgjyzg&oe=6A95B3F5,0,0,0,https://www.facebook.com/ICTDistributionKH
fb_Root_IT_1787816813_0,Root IT,Facebook,2026-08-27 14:44,"LED Monitor Acer 23.8"" SA243Y G0wmix-With IPS FHD",Photo Post,https://scontent.fpnh11-2.fna.fbcdn.net/v/t39.30808-6/778972746_1080895504288261_1457540539446394644_n.jpg?stp=dst-jpg_tt6&cstp=mx960x960&ctp=s590x590&_nc_cat=110&ccb=1-7&_nc_sid=127cfc&_nc_ohc=_xIcUfmQjzIQ7kNvwGHa8x2&_nc_oc=Adpah4OU81WEUMw4enZWYUajtj31izyN_irUByL1u1Bi4Lfx0GK6VIA8Aw9orLaYoBI&_nc_zt=23&_nc_ht=scontent.fpnh11-2.fna&_nc_gid=hTtvrqPz5eFUGOwmcDYNKg&_nc_ss=7b2a8&oh=00_AQHpLwUL6pT4js_0Ry3u0pUSvBBa2NLhouiteiZ99Zt2FQ&oe=6A95AE28,0,0,0,https://www.facebook.com/rootitsupport
fb_Root_IT_1787816813_1,Root IT,Facebook,2026-08-27 14:44,Asus ROG Strix OLED XG34WCDG 34 2K Monitor,Photo Post,https://scontent.fpnh11-2.fna.fbcdn.net/v/t39.30808-6/778985402_1080844087626736_7353101780431589633_n.jpg?stp=dst-jpg_tt6&cstp=mx960x960&ctp=s590x590&_nc_cat=108&ccb=1-7&_nc_sid=127cfc&_nc_ohc=RAj5PNPhsY8Q7kNvwG4c9Cj&_nc_oc=AdprU7GwlyiumuNNk67Zlv6u5_w2kOcZuDgSPQeC4jZNnkMX3kOMOzSd2x_gQjwUngs&_nc_zt=23&_nc_ht=scontent.fpnh11-2.fna&_nc_gid=hTtvrqPz5eFUGOwmcDYNKg&_nc_ss=7b2a8&oh=00_AQEiofxVdqZAMNtiRl2lUCIOqrxwjJXvy70LIUK3Wtk3jw&oe=6A95BD3C,0,0,0,https://www.facebook.com/rootitsupport
fb_Root_IT_1787816813_2,Root IT,Facebook,2026-08-27 14:44,Lenovo ThinkVision 27inch 100Hz Monitor-HDMI,Photo Post,https://scontent.fpnh11-2.fna.fbcdn.net/v/t39.30808-6/778984991_1080146044363207_8478627254067092858_n.jpg?stp=dst-jpg_tt6&cstp=mx960x960&ctp=s590x590&_nc_cat=104&ccb=1-7&_nc_sid=127cfc&_nc_ohc=cYf5kbX0-rcQ7kNvwEGNpEn&_nc_oc=AdqNUb4ct8B3CKUHs0CjhY5001scQLGOhaKtJjVFLljwQkrRsJkRyk9dMjZO02zfCmM&_nc_zt=23&_nc_ht=scontent.fpnh11-2.fna&_nc_gid=8WR5NzjG1M5OPgq8-AWpjw&_nc_ss=7b2a8&oh=00_AQF3vw7-vrrFGEszuDASGKL2CdI5P5nTYE6crsmgYqJmVQ&oe=6A95AA65,0,0,0,https://www.facebook.com/rootitsupport
fb_Root_IT_1787816813_3,Root IT,Facebook,2026-08-27 14:44,Dell 34 Plus S3425DW USB-C Curved Monitor WQHD,Photo Post,https://scontent.fpnh11-2.fna.fbcdn.net/v/t39.30808-6/778972324_1080054787705666_5164286244046018032_n.jpg?stp=dst-jpg_tt6&cstp=mx960x960&ctp=s590x590&_nc_cat=108&ccb=1-7&_nc_sid=127cfc&_nc_ohc=iaLRyLIBNQ8Q7kNvwHvkQ-8&_nc_oc=AdpSxi70sb6W-sHba9fid3y6B6efNPlXyKiA63Y0HE6Oe_xoLM4zCdfKOmdSPTA3WGg&_nc_zt=23&_nc_ht=scontent.fpnh11-2.fna&_nc_gid=8WR5NzjG1M5OPgq8-AWpjw&_nc_ss=7b2a8&oh=00_AQGBZWiCovanOvpK_wfpCVMn7__O_kbDOHHXk-zi8LQ-0w&oe=6A95D39D,0,0,0,https://www.facebook.com/rootitsupport
fb_Root_IT_1787816813_4,Root IT,Facebook,2026-08-27 14:44,Licensed Windows 11 Pro OEM Sticker (License Tag only),Photo Post,https://scontent.fpnh11-1.fna.fbcdn.net/v/t39.30808-6/778972778_1078613037849841_2842687814679145697_n.jpg?stp=dst-jpg_tt6&cstp=mx960x960&ctp=s590x590&_nc_cat=102&ccb=1-7&_nc_sid=127cfc&_nc_ohc=6kJImm62Pe4Q7kNvwEsqFBD&_nc_oc=Adof2b1i3GzinSviVublMoiV0VFKKPGypZSceiTnbyQf1IiS5XVv4XisgMxzq9VMaug&_nc_zt=23&_nc_ht=scontent.fpnh11-1.fna&_nc_gid=K20xfIFQj8J1nKDXc4ZWPw&_nc_ss=7b2a8&oh=00_AQHLq2Vd0O4WiJA9LWbB98awRj4g24mi5gf3IFEJ1EVMsg&oe=6A95CA64,0,0,0,https://www.facebook.com/rootitsupport
fb_PSC_Computer_1787816831_0,PSC Computer,Facebook,2026-08-27 14:44,You're playing with me,Video Reel,https://scontent.fpnh11-2.fna.fbcdn.net/v/t15.5256-10/785599638_1679637483103134_4555424229384833454_n.jpg?stp=dst-jpg_tt6&cstp=mx1080x1920&ctp=p960x960&_nc_cat=111&ccb=1-7&_nc_sid=5fad0e&_nc_ohc=yJoHLmC7kDAQ7kNvwFSm0NQ&_nc_oc=AdpUuD88u8RaHzqFrJj6EOAAsCieMXUxYQXIfl7HGlwBz4b90UrXOudNTCt-vksSUwM&_nc_zt=23&_nc_ht=scontent.fpnh11-2.fna&_nc_gid=YBhvITdM_K_DrzSPoIFHXQ&_nc_ss=7b2a8&oh=00_AQHeB6ryFCFk4KEaaN3j5H9dRm6QsNyY24h8PG7tFmbodA&oe=6A95C3FB,0,0,0,https://www.facebook.com/visit.psc
fb_PSC_Computer_1787816831_1,PSC Computer,Facebook,2026-08-27 14:44,"ស្ងាត់ៗ Apple បញ្ចេញ Mac mini ដំបូងបង្អស់ដែលប្រើបន្ទះឈីប M6 ក្នុងតម្លៃ $899 ខណៈ Mac Studio ទទួលបាន M5 Ultra ចាប់ពី $5,499",Photo Post,https://scontent.fpnh11-2.fna.fbcdn.net/v/t39.30808-6/784717815_1486154913543811_2757443769522962977_n.jpg?stp=dst-jpg_tt6&cstp=mx2048x2048&ctp=p526x296&_nc_cat=108&ccb=1-7&_nc_sid=127cfc&_nc_ohc=-sZ8dts9JVQQ7kNvwE9PJT0&_nc_oc=AdqL0PNDQNs-MLT-2b8SI8_tW1utTmSpq5ebz8KftQOd-pRzf3TeF6T4W6EZ9hkG00w&_nc_zt=23&_nc_ht=scontent.fpnh11-2.fna&_nc_gid=Fi94OVUrgAJD_lB8GCt6YA&_nc_ss=7b2a8&oh=00_AQHlJKTSSgBgA2E8GVajA_4F054tJT-1XK5iigFTuPtztg&oe=6A95B859,0,0,0,https://www.facebook.com/visit.psc
fb_PSC_Computer_1787816831_2,PSC Computer,Facebook,2026-08-27 14:44,UPS PROLINK គុណភាព Singapore,Video Reel,https://scontent.fpnh11-2.fna.fbcdn.net/v/t15.5256-10/783830219_2261779221302411_1924867994019628507_n.jpg?stp=dst-jpg_tt6&cstp=mx1080x1920&ctp=p960x960&_nc_cat=108&ccb=1-7&_nc_sid=5fad0e&_nc_ohc=q9dydN124_0Q7kNvwEfcLOv&_nc_oc=AdpIMmkte0wX-a_2pZhyv3kCsyHdQs4WecWsmAJ2PaZ5cDEPNqxmtgbp1CZsX7YNheM&_nc_zt=23&_nc_ht=scontent.fpnh11-2.fna&_nc_gid=Fi94OVUrgAJD_lB8GCt6YA&_nc_ss=7b2a8&oh=00_AQHsRZ9khAX9jU8_JGDTRHPdIrsuOCbrVyTuyMHKyWrZ8A&oe=6A95BEAB,0,0,0,https://www.facebook.com/visit.psc
fb_PSC_Computer_1787816831_3,PSC Computer,Facebook,2026-08-27 14:44,Chhim Sophearom ជម្រាបសួរបង​សូមឆែកប្រអប់សារ,Photo Post,,0,0,0,https://www.facebook.com/visit.psc
fb_PSC_Computer_1787816831_4,PSC Computer,Facebook,2026-08-27 14:44,"សម្រាប់អ្នកដែលកំពុងស្វែងរក Gaming Laptop ខ្លាំងៗ សម្រាប់ទាំង រៀន + ធ្វើការ + Gaming នេះជាឱកាសល្អមួយក្នុងខែសីហានេះ! 
… See more",Photo Post,https://scontent.fpnh11-1.fna.fbcdn.net/v/t39.30808-6/785362800_1484225447070091_5087126063175797552_n.jpg?stp=dst-jpg_tt6&cstp=mx2048x2048&ctp=p526x296&_nc_cat=107&ccb=1-7&_nc_sid=127cfc&_nc_ohc=Akz2BR2LO0IQ7kNvwE_meuC&_nc_oc=AdqN_iV8fy_pkqxiixEG8lw4knM4pvXk0H2LkHYX_Xz8Vz_NPbXMVItjZR--d1XHc8E&_nc_zt=23&_nc_ht=scontent.fpnh11-1.fna&_nc_gid=Z-hp3ZBCl1mFRcUerfXZ1A&_nc_ss=7b2a8&oh=00_AQG_R7Ev7uBQDSboKGsEt0xzeJ1_-OSo6tbwaf2__EHtxQ&oe=6A95AE90,0,0,0,https://www.facebook.com/visit.psc
fb_IQ_Distributor_1787816849_0,IQ Distributor,Facebook,2026-08-27 14:44,Enhance accuracy and throughput at your checkouts and inventory counters with the Honeywell 1950G Corded Area-Imaging Scanner. Engineered for superior scanning perform… See more,Photo Post,https://scontent.fpnh11-1.fna.fbcdn.net/v/t39.30808-6/759773142_1377642201173407_4768986130140297246_n.jpg?stp=dst-jpg_tt6&cstp=mx1280x1280&ctp=p526x296&_nc_cat=105&ccb=1-7&_nc_sid=127cfc&_nc_ohc=cKjK2pdKJzAQ7kNvwE8i_oh&_nc_oc=AdruI2MFy3yhiwM8iArvjw1utaSj1TnAEFmjT5ZT50waNU6KMhxIuibdh4VrI8FySjE&_nc_zt=23&_nc_ht=scontent.fpnh11-1.fna&_nc_gid=OZ2rViZPyeOgF-5f7cgxwQ&_nc_ss=7b2a8&oh=00_AQHluNuvEgKD8JyfE81NBltylXktr0a_P3ziD9EE-WE7Xg&oe=6A95A6E6,0,0,0,https://www.facebook.com/IQDistribution
fb_IQ_Distributor_1787816849_1,IQ Distributor,Facebook,2026-08-27 14:44,Keep your business secure and track attendance effortlessly with the ZKTeco iClock700!,Photo Post,https://scontent.fpnh11-2.fna.fbcdn.net/v/t39.30808-6/760654774_1377640524506908_5438437278890962224_n.jpg?stp=dst-jpg_tt6&cstp=mx1280x1280&ctp=p526x296&_nc_cat=101&ccb=1-7&_nc_sid=127cfc&_nc_ohc=I8bIxqE8OpAQ7kNvwGGMk-y&_nc_oc=AdrdPEu8VYSNddlSvAOg3eVBWRQTCYOLIRDn8VEhdseteXLMvXWnFUgPZ1YaaiUk1AA&_nc_zt=23&_nc_ht=scontent.fpnh11-2.fna&_nc_gid=OZ2rViZPyeOgF-5f7cgxwQ&_nc_ss=7b2a8&oh=00_AQEeatJY7p8KsEuq-U6HRIup1McuKjQOxHF_ifYcPKdtyg&oe=6A95CC07,0,0,0,https://www.facebook.com/IQDistribution
fb_IQ_Distributor_1787816849_2,IQ Distributor,Facebook,2026-08-27 14:44,APC Easy UPS 700VA (BVG700I-MSN) ដៃគូការពារកុំព្យូទ័រ និងឧបករណ៍អេឡិចត្រូនិករបស់អ្នក!,Photo Post,https://scontent.fpnh11-2.fna.fbcdn.net/v/t39.30808-6/759717215_1377639864506974_2753229434051653735_n.jpg?stp=dst-jpg_tt6&cstp=mx1280x1280&ctp=p526x296&_nc_cat=101&ccb=1-7&_nc_sid=127cfc&_nc_ohc=swVXMaVxQ1UQ7kNvwGblPvW&_nc_oc=Adote4V7EV8_PDHNgNaRxj_6qdOOjIajb_QmIQ-nGb2rhJZM_UWItKhaBTTje9vbGzg&_nc_zt=23&_nc_ht=scontent.fpnh11-2.fna&_nc_gid=7y0CymIAlkLkReVS2VFqPg&_nc_ss=7b2a8&oh=00_AQHbBpz40TrNEqVvIkxU4XhVi2nU8C37h_EycDbdxQ4T7w&oe=6A95C373,0,0,0,https://www.facebook.com/IQDistribution
fb_IQ_Distributor_1787816849_3,IQ Distributor,Facebook,2026-08-27 14:44,Transform your business operations with the SUNMI FLEX 3 Interactive Display—a highly versatile BIoT solution designed to adapt to a wide range of industries and commer… See more,Photo Post,https://scontent.fpnh11-1.fna.fbcdn.net/v/t39.30808-6/758915239_1377638827840411_7946514628381121614_n.jpg?stp=dst-jpg_tt6&cstp=mx1280x1280&ctp=p526x296&_nc_cat=102&ccb=1-7&_nc_sid=127cfc&_nc_ohc=0beUvJ858UwQ7kNvwGVZeEi&_nc_oc=Ado2cUjYouz1lEoZKSwsy-kX0NKyfW5gtqBZQxUvf9aR6imp6icdpXK9YIBQ4-Wbnm8&_nc_zt=23&_nc_ht=scontent.fpnh11-1.fna&_nc_gid=7y0CymIAlkLkReVS2VFqPg&_nc_ss=7b2a8&oh=00_AQEWv4802xWhTJ4oQedEl3ic9WI7NrOXNFJ4QbNvC4GO3w&oe=6A95B5AA,0,0,0,https://www.facebook.com/IQDistribution
fb_IQ_Distributor_1787816849_4,IQ Distributor,Facebook,2026-08-27 14:44,ម៉ាស៊ីនបោះពុម្ពបាកូដកម្រិតឧស្សាហកម្ម TSC MH241 !,Photo Post,https://scontent.fpnh11-2.fna.fbcdn.net/v/t39.30808-6/758765151_1377636877840606_2591017290225857140_n.jpg?stp=dst-jpg_tt6&cstp=mx1280x1280&ctp=p526x296&_nc_cat=110&ccb=1-7&_nc_sid=127cfc&_nc_ohc=WPua7emLf1gQ7kNvwEbvBin&_nc_oc=AdpzqoN-eeE-Xo5KZhU5XwdpjN-AIUj9nCfU55UTLIaUzYY68RESPHbI8oyG3D-zM4o&_nc_zt=23&_nc_ht=scontent.fpnh11-2.fna&_nc_gid=3BhPuk2pikwBZots1w5oFg&_nc_ss=7b2a8&oh=00_AQHrSxi8sNlxE7HJ_8pMOaKkcuYt8E3E_lyqI_ijvvJGKA&oe=6A95D54F,0,0,0,https://www.facebook.com/IQDistribution
fb_AnAnA_Computer_1787815240_0,AnAnA Computer,Facebook,2026-08-27 14:20,"🎬 New Ruijie/Reyee ES2 AI Switch Series ⚡️

ដោះស្រាយបញ្ហា IP Conflict និង Network គាំងបានយ៉ាងងាយស្រួល! ✨

🤖 AI IP Anti-Conflict: ការពារ និងដោះស្រាយបញ្ហាស្ទួន IP Address ដោយស្វ័យប្រវត្តិ
🔄 AI Loop Prevention & Watchdog: ស្វែងរក និង Reboot ឧបករណ៍ ឬ កាមេរ៉ា ដែលគាំងដោយស្វ័យប្រវត្តិ
⚡️ Smart PoE Power: ផ្គត់ផ្គង់ថាមពលប្រកបដោយស្ថិរភាព និងសុវត្ថិភាពខ្ពស់
☁️ Ruijie Cloud App: គ្រប់គ្រង Monitor និងកំណត់",Photo Post,https://scontent.fpnh11-1.fna.fbcdn.net/v/t39.30808-1/688561636_1423226999834557_8094000623794003561_n.jpg?stp=cp0_dst-jpg_tt6&cstp=mx960x960&ctp=s40x40&_nc_cat=109&ccb=1-7&_nc_sid=2d3e12&_nc_ohc=UcP9aRrdNAkQ7kNvwFE-5B_&_nc_oc=AdpOve71Svvsnp2BTkEAc7TWQz7oJBV_0wKro5lpuNVkj_1fAId3VzJ-PZ1yIWBZk-g&_nc_zt=24&_nc_ht=scontent.fpnh11-1.fna&_nc_gid=EOug48g6SW6UoNc-Xgivug&_nc_ss=7b2a8&oh=00_AQE6Cj6E6SxtivizztIMJhEol3Sc3J94Jnc2iHxEAmFYfA&oe=6A95C13F,0,0,0,https://www.facebook.com/ananacomputer
fb_AnAnA_Computer_1787815240_1,AnAnA Computer,Facebook,2026-08-27 14:20,"Sumitomo Z2C Fusion Splicer 
ភ… See more",Photo Post,https://scontent.fpnh11-2.fna.fbcdn.net/v/t39.30808-6/786828190_1499096415579785_6734674581862899054_n.jpg?stp=dst-jpg_tt6&cstp=mx2048x2043&ctp=p526x296&_nc_cat=108&ccb=1-7&_nc_sid=127cfc&_nc_ohc=99KFWnyabrAQ7kNvwHeZDFh&_nc_oc=AdoNAu8M77EJdxgWaskqADsce_MYhN_YbRUufUV-fEE8mBqXDpR0cf9QbfUq6YSl9Ag&_nc_zt=23&_nc_ht=scontent.fpnh11-2.fna&_nc_gid=YBrD-9J6XSEZ_SqOobG7Kg&_nc_ss=7b2a8&oh=00_AQGsI7SQeJE-RbjbD7es21H6jrm9w_2fBIObaQYKVOqiTg&oe=6A95ABEA,0,0,0,https://www.facebook.com/ananacomputer
fb_AnAnA_Computer_1787815240_2,AnAnA Computer,Facebook,2026-08-27 14:20,"MikroTik RB951Ui-2nD (hAP) 
រ… See more",Video Reel,https://scontent.fpnh11-2.fna.fbcdn.net/v/t15.5256-10/786519788_1531247004996539_405127733633883558_n.jpg?stp=dst-jpg_tt6&cstp=mx1080x1920&ctp=p960x960&_nc_cat=104&ccb=1-7&_nc_sid=5fad0e&_nc_ohc=CXoQs7C_9Y8Q7kNvwHKE9C-&_nc_oc=AdoLVqXUw1rNhs_LYSZjc9g1qVHe7Dlha9oTl7pbtrG71A87QHbXhSfFDWQJ9Tnj97k&_nc_zt=23&_nc_ht=scontent.fpnh11-2.fna&_nc_gid=YBrD-9J6XSEZ_SqOobG7Kg&_nc_ss=7b2a8&oh=00_AQFWoVfOv1QDYxroFzZC_pMyMsJ9UAvw6yARicw9L2okGQ&oe=6A95CAC2,0,0,0,https://www.facebook.com/ananacomputer
fb_AnAnA_Computer_1787815240_3,AnAnA Computer,Facebook,2026-08-27 14:20,"Dell Pro Tower QCT1250 
ធ… See more",Photo Post,https://scontent.fpnh11-1.fna.fbcdn.net/v/t39.30808-6/784394131_1498271108995649_4828163858912749628_n.jpg?stp=dst-jpg_tt6&cstp=mx2048x2048&ctp=p526x296&_nc_cat=103&ccb=1-7&_nc_sid=127cfc&_nc_ohc=SAqlpjIEEhUQ7kNvwGK2ISL&_nc_oc=AdohfHQRUHNSDdz5dv_F3VJS10muoNLfjDKrCjf3WyJzfLPUzKC8zEjS9oOGw9OsJqw&_nc_zt=23&_nc_ht=scontent.fpnh11-1.fna&_nc_gid=YBrD-9J6XSEZ_SqOobG7Kg&_nc_ss=7b2a8&oh=00_AQHNrBFQ6AKRq2eco-OMebbx5PJ64pn-ZJs-sq8hsckfMg&oe=6A95C54B,0,0,0,https://www.facebook.com/ananacomputer
fb_AnAnA_Computer_1787815240_4,AnAnA Computer,Facebook,2026-08-27 14:20,"Ruijie Reyee RG-M32 
W… See more",Photo Post,https://scontent.fpnh11-2.fna.fbcdn.net/v/t39.30808-6/785080719_1498137565675670_7017410053439005617_n.jpg?stp=dst-jpg_tt6&cstp=mx2048x2048&ctp=p526x296&_nc_cat=108&ccb=1-7&_nc_sid=127cfc&_nc_ohc=WyDAczGRlucQ7kNvwEKh5Ad&_nc_oc=AdrfFp9BomlazXCXAc7hKgTfqQdK2D8_DKxBY8j8qZ3NtbxtXEM_UaxCx209wYWT10w&_nc_zt=23&_nc_ht=scontent.fpnh11-2.fna&_nc_gid=5pNkv4XPda5dsyQE54PTGQ&_nc_ss=7b2a8&oh=00_AQHBu9vE4jtZQdDsx9O6I0C-5RwngR-H17PiSkKyx1aIkg&oe=6A95AA48,0,0,0,https://www.facebook.com/ananacomputer
fb_PTC_Computer_1787815253_0,PTC Computer,Facebook,2026-08-27 14:20,"ខ្សែ 𝐂𝐚𝐛𝐥𝐞𝐭𝐢𝐦𝐞 ផ្តល់នូវភាពងាយស្រួលសម្រាប់លោកអ្នកអាចភ្ជាប់ទៅកាន់ 𝐃𝐞𝐯𝐢𝐜𝐞𝐬 ជាច្រើនក្នុងពេលតែមួយបាន មានគ្រប់ 𝐏𝐨𝐫𝐭 ទៅតាមតម្រូវការ តម្លៃសមរម្យ
#cabletime #Cable #PTCCompute… See more",Photo Post,https://scontent.fpnh11-1.fna.fbcdn.net/v/t39.99422-6/786070177_1392261485566282_8227365607129052588_n.png?stp=dst-jpg_tt6&cstp=mx1920x1920&ctp=p526x296&_nc_cat=107&ccb=1-7&_nc_sid=127cfc&_nc_ohc=FJiZGydsyvMQ7kNvwGhJucH&_nc_oc=AdrEyb3b5yskUx0mM6bmHkG8W_PQKNM1obdACQnqJgDSXOAOyR8mgil7hR7yso1kgoQ&_nc_zt=14&_nc_ht=scontent.fpnh11-1.fna&_nc_gid=SoSVYJlvfJn00OAu1Z5jTw&_nc_ss=7b2a8&oh=00_AQF7xewoFN8bxFezl96LdyQBjc203f5cWRjxIBPB-D3mig&oe=6A95AB93,0,0,0,https://www.facebook.com/PTCcomputerkh
fb_PTC_Computer_1787815253_1,PTC Computer,Facebook,2026-08-27 14:20,"𝐏𝐫𝐢𝐧𝐭𝐞𝐫 𝐄𝐩𝐬𝐨𝐧 𝐄𝐜𝐨𝐓𝐚𝐧𝐤 ជាប្រភេទម៉ាស៊ីន 𝐏𝐫𝐢𝐧𝐭 ដែលសន្សំទឹកថ្នាំបានច្រើន មានតម្លៃសមរម្យ ល្អក្នុងការប្រើប្រាស់ ​𝐏𝐫𝐢𝐧𝐭 បានច្បាស់ល្អ  និងមានការធានាជូន ១ឆ្នាំពេញ​​  
#printer… See more",Photo Post,https://scontent.fpnh11-2.fna.fbcdn.net/v/t39.99422-6/786939331_1050554681223841_5647232137725202216_n.png?stp=dst-jpg_tt6&cstp=mx2048x2048&ctp=s590x590&_nc_cat=104&ccb=1-7&_nc_sid=127cfc&_nc_ohc=g_eP770cUKgQ7kNvwE8b3bE&_nc_oc=Adq9vbPcVzsxBQ5WfSWA9giRAJa8pGBWurmJnbDBuuxxkSzJ0JPB6lknQhaPwTiGmac&_nc_zt=14&_nc_ht=scontent.fpnh11-2.fna&_nc_gid=71T0H1BUSmFVSByH0vmvlQ&_nc_ss=7b2a8&oh=00_AQHu4k-fMGVRNACYru9ZJA1_Z-uJf-PdI0K16ASzibpxGg&oe=6A95B991,0,0,0,https://www.facebook.com/PTCcomputerkh
fb_PTC_Computer_1787815253_2,PTC Computer,Facebook,2026-08-27 14:20,"Dell Insprion  រូបរាងស្រស់ស្អាតខ្លាំង ស្ដើង ស្រាល ទាន់សម័យ ម៉ាសុីនដំណើរការល្អ ធន់នឹងការប្រើប្រាស់  
#Dell #DellInspiron #Inspiron16Plus #DellLaptops #PTCComputer 
=… See more",Photo Post,https://scontent.fpnh11-2.fna.fbcdn.net/v/t39.99422-6/786315448_1506423227905730_7915988649622621422_n.png?stp=dst-jpg_tt6&cstp=mx1920x1920&ctp=p526x296&_nc_cat=108&ccb=1-7&_nc_sid=127cfc&_nc_ohc=UInMx6eA5iUQ7kNvwE6maM7&_nc_oc=AdosA6BiY5c4JJEkQrjmUxtzaL7kNS94LokgKTMgWVRwnv9ofcCftvcubqQLXndJFxg&_nc_zt=14&_nc_ht=scontent.fpnh11-2.fna&_nc_gid=71T0H1BUSmFVSByH0vmvlQ&_nc_ss=7b2a8&oh=00_AQHzYrt2UTmQM8MkDKE7pLU4kgD0eji6NgPsomrhRgFIZg&oe=6A95AA48,0,0,0,https://www.facebook.com/PTCcomputerkh
fb_ICE_Electronics_1787815265_0,ICE Electronics,Facebook,2026-08-27 14:20,"Why H2O Driverless AI?
Building AI models does not need to take months. H2O Driverless AI brings automated machine learning (AutoML) to enterprises by automating key da… See more",Video Reel,https://scontent.fpnh11-2.fna.fbcdn.net/v/t15.5256-10/780422246_974431012332800_99755868341563700_n.jpg?stp=dst-jpg_tt6&cstp=mx1920x1080&ctp=p960x960&_nc_cat=104&ccb=1-7&_nc_sid=5fad0e&_nc_ohc=z0oBHFaYA0oQ7kNvwGqzI4D&_nc_oc=AdpMUFUZ3nw6EG_Weu3J1pNAoL4wCAzMaJARMOCxpLdpIRG-DLxu3L5YBlIKAJNGUGI&_nc_zt=23&_nc_ht=scontent.fpnh11-2.fna&_nc_gid=3duenZgaTJL6Q0_Ky5V4SA&_nc_ss=7b2a8&oh=00_AQFe9PoWKODE-a8MZv1_P9GedotMsVplvumsJevO_ezf2Q&oe=6A95AB04,0,0,0,https://www.facebook.com/ICEElectronics
fb_ICE_Electronics_1787815265_1,ICE Electronics,Facebook,2026-08-27 14:20,The seller has a heart too,Video Reel,https://scontent.fpnh11-1.fna.fbcdn.net/v/t15.5256-10/782582149_1628687675639091_6411077425848841910_n.jpg?stp=dst-jpg_tt6&cstp=mx1080x1920&ctp=p960x960&_nc_cat=100&ccb=1-7&_nc_sid=5fad0e&_nc_ohc=CK6Pyz9mhVMQ7kNvwH1cNhD&_nc_oc=AdpvYYIQaGLpP0HBDbHmlVVPZqDexxYsyMX-vqTOPolV9hl08oL8YOJAP5zByNpxZWo&_nc_zt=23&_nc_ht=scontent.fpnh11-1.fna&_nc_gid=3duenZgaTJL6Q0_Ky5V4SA&_nc_ss=7b2a8&oh=00_AQEIGOsNhxEQ8-vgXKtd4WuwtTVCiEV1NgPYI_YxMokgJw&oe=6A95CEAA,0,0,0,https://www.facebook.com/ICEElectronics
fb_ICE_Electronics_1787815265_2,ICE Electronics,Facebook,2026-08-27 14:20,"Logitech K480 Multi-Device Bluetooth Keyboard 
សម្រួលដល់ការងារប្រចាំថ្ងៃរបស់អ្នកជាមួយ Keyboard Wireless របស់ Logitech ដែលមានសមត្ថភាពខ្ពស់ និងរចនាម៉ូតយ៉ាងទាន់សម័យ។… See more",Video Reel,https://scontent.fpnh11-1.fna.fbcdn.net/v/t15.5256-10/779273443_1388683313329324_2897963191313654962_n.jpg?stp=dst-jpg_tt6&cstp=mx1080x1350&ctp=p960x960&_nc_cat=105&ccb=1-7&_nc_sid=5fad0e&_nc_ohc=AZzbOVcKd4QQ7kNvwEnWqTI&_nc_oc=AdpwXuGOyASIqC0iFXo7hWZKSYc-ARtMlnMYhrnVfULpBmzHV-EnvK-xSlBIK_czHWk&_nc_zt=23&_nc_ht=scontent.fpnh11-1.fna&_nc_gid=Bjte78lJJGivDlrKdJcg3Q&_nc_ss=7b2a8&oh=00_AQHf_40j3-JRJ3ez1Kv4Xs2_Mqr88oagASbAKs7U4DKiOg&oe=6A95CBE1,0,0,0,https://www.facebook.com/ICEElectronics
fb_ICE_Electronics_1787815265_3,ICE Electronics,Facebook,2026-08-27 14:20,លក់នៅភ្នំពេញឆ្អែតហើយ មកលក់នៅមុខបឹង Matcha Strawberry ម្តង,Photo Post,https://scontent.fpnh11-1.fna.fbcdn.net/v/t39.30808-6/781054906_1489687693193004_8706168764541203796_n.jpg?stp=dst-jpg_tt6&cstp=mx1537x1023&ctp=p180x540&_nc_cat=105&ccb=1-7&_nc_sid=127cfc&_nc_ohc=aHpIyuzyYPcQ7kNvwEJnKKS&_nc_oc=AdrmNINA8cFm0XwQuVnd2fJqsFtpd23UPMtanltx4r9rfwyjdt6gt9IJ4IrgOXibjrQ&_nc_zt=23&_nc_ht=scontent.fpnh11-1.fna&_nc_gid=Bjte78lJJGivDlrKdJcg3Q&_nc_ss=7b2a8&oh=00_AQHNCshAHkksxTUxsohL5gW4WR9Beek1kah79yPwkN_AbQ&oe=6A95C088,0,0,0,https://www.facebook.com/ICEElectronics
fb_ECI_Distribution_1787815278_0,ECI Distribution,Facebook,2026-08-27 14:20,"យើងមានកិត្តិយសយ៉ាងក្រៃលែងដែលទទួលបានពានរង្វាន់ ""Distributor Appreciation Award"" ពីក្រុមហ៊ុន Bitdefender នៅក្នុងព្រឹត្តិការណ៍ Bitdefender Cambodia Partner Conference 2026។

សូមអរគុណដល់ Bitdefender ដែលបានយកចិត្តទុកដាក់ជាមួយក្រុមការងាររបស់យើង និងបន្តភាពជាដៃគូដ៏រឹងមាំ និងការប្តេជ្ញាចិត្តរួមគ្នាក្នុងការសម្រេចបាននូវឧត្តមភាពផ្នែក CyberSecurity នៅក្នុងប្រទេសកម្ពុជា។ ពានរង្វាន់នេះគឺជាសក្ខីភាពបញ្ជាក់ពីការខិត",Photo Post,https://scontent.fpnh11-2.fna.fbcdn.net/v/t39.30808-6/762812261_1543764577764259_7414845255474467322_n.jpg?stp=dst-jpg_tt6&cstp=mx2048x1448&ctp=p75x225&_nc_cat=106&ccb=1-7&_nc_sid=127cfc&_nc_ohc=9XdZ4nLXZXcQ7kNvwEWg_El&_nc_oc=Adq-vk8ekz-868lnLRyboqNAdJq65z5-QOwR26Q3qAbsRqGPGsQVjWFXNI7j4yx7QGo&_nc_zt=23&_nc_ht=scontent.fpnh11-2.fna&_nc_gid=lUAykH42JkxRjoP4KQZCkg&_nc_ss=7b2a8&oh=00_AQHCkz9CEE_ZiuyWrFnS6YJHzXWNCBaMBec9m_JpQaMR4g&oe=6A95A8BD,0,0,0,https://www.facebook.com/ecidisti
fb_ECI_Distribution_1787815278_1,ECI Distribution,Facebook,2026-08-27 14:20,"HP Laptop 15-fd1086TU — ជម្រើសដ៏ល្អបំផុតសម្រាប់សិស្សនិស្សិត និងអ្នកធ្វើការ!
បំពេញការងារបានយ៉ាងរលូន និងលឿនរហ័សទាន់ចិត្តជាមួយកុំព្យូទ័រ HP ស៊េរីថ្មី Intel Core 5! … See more",Video Reel,https://scontent.fpnh11-2.fna.fbcdn.net/v/t15.5256-10/778426246_2449662068862419_862217106874347401_n.jpg?stp=dst-jpg_tt6&cstp=mx1080x1350&ctp=s960x960&_nc_cat=110&ccb=1-7&_nc_sid=d2b52d&_nc_ohc=egr6_KUjdzsQ7kNvwHPXNnM&_nc_oc=Adopxtfn3n9iXTYPpkUoFHCLDtluqhDc4_TDnwClk53rUqQZ2wCh0wKFsEzvapBBHv4&_nc_zt=23&_nc_ht=scontent.fpnh11-2.fna&_nc_gid=upn7Z9ncho8GaPxjwqYrbA&_nc_ss=7b2a8&oh=00_AQGqibr1XlUBJk4fbznuFkjNxYiGUEthojCi9ybyPTAO3g&oe=6A959D6F,0,0,0,https://www.facebook.com/ecidisti
fb_ECI_Distribution_1787815278_2,ECI Distribution,Facebook,2026-08-27 14:20,"ManHP LaserJet Managed MFP E731dn Provides Print, Copy and Scan function in one machine, print speed up to 30 pages/min, support A3/A4 paper, and has a tray that can co… See more",Video Reel,,0,0,0,https://www.facebook.com/ecidisti
fb_ECI_Distribution_1787815278_3,ECI Distribution,Facebook,2026-08-27 14:20,Turn Data Into Business Intelligence with AI… See more,Video Reel,https://scontent.fpnh11-1.fna.fbcdn.net/v/t15.5256-10/778882216_2127229821157809_3746299731428461529_n.jpg?stp=dst-jpg_tt6&cstp=mx1920x1080&ctp=p960x960&_nc_cat=103&ccb=1-7&_nc_sid=5fad0e&_nc_ohc=V1QCAVxExKIQ7kNvwF9Eioy&_nc_oc=Adr6sCni5MEOIDz47EXno1ImU4K4s9tlDB9COPakz65_dfZrWMjQkEHjayshZrfzzl8&_nc_zt=23&_nc_ht=scontent.fpnh11-1.fna&_nc_gid=EbwMPVg2YEsjvX9xdijdSg&_nc_ss=7b2a8&oh=00_AQFw0lL8gg10qTnN0W2LEijDwBLH-IRMg0TRcBHNh8EZ7g&oe=6A95ABC4,0,0,0,https://www.facebook.com/ecidisti
fb_ECI_Distribution_1787815278_4,ECI Distribution,Facebook,2026-08-27 14:20,"កំពុងស្វែងរកម៉ាស៊ីនព្រីនសម្រាប់ការិយាល័យមែនទេ? 
… See more",Video Reel,https://scontent.fpnh11-2.fna.fbcdn.net/v/t15.5256-10/771399204_1463348995552721_6371439890258253461_n.jpg?stp=dst-jpg_tt6&cstp=mx1080x1350&ctp=s960x960&_nc_cat=101&ccb=1-7&_nc_sid=d2b52d&_nc_ohc=JRj-9q5LnoAQ7kNvwFZAKsA&_nc_oc=AdpM72PZElPabqh_SIR9jurx25bNv7Kd0hfQ01xJFe2p56ZXQCXjWuVAO4WOqdZqcng&_nc_zt=23&_nc_ht=scontent.fpnh11-2.fna&_nc_gid=EbwMPVg2YEsjvX9xdijdSg&_nc_ss=7b2a8&oh=00_AQHZ4Wn4nTcWWWJ_Fm3ZaHAOU7ld9BhHbDwkuoHd5ll_BA&oe=6A95BD24,0,0,0,https://www.facebook.com/ecidisti
fb_BCS_Computer_1787815291_0,BCS Computer,Facebook,2026-08-27 14:20,"Model : Asus Vivobook E1404GA 
CPU:  core i3-N305… See more",Photo Post,https://scontent.fpnh11-2.fna.fbcdn.net/v/t39.30808-6/783986381_1067488155664429_8310811526914214921_n.jpg?stp=dst-jpg_tt6&cstp=mx1280x960&ctp=s590x590&_nc_cat=104&ccb=1-7&_nc_sid=833d8c&_nc_ohc=GqQSkDARklkQ7kNvwH7i7CR&_nc_oc=Adqrbs52xNQBUYarjFR9wse2cO_dZQajJixpSH0vJb2J8qwBgqB_ZPSKYHONyzoZ8hU&_nc_zt=23&_nc_ht=scontent.fpnh11-2.fna&_nc_gid=69MJZH8bcF28RsRnBLLbgw&_nc_ss=7b2a8&oh=00_AQGeMWtrF2G-dnCu__QVqjXZYoVTZ50tPgDX8_DbCIoqbQ&oe=6A95C729,0,0,0,https://www.facebook.com/Bcscomputer168
fb_BCS_Computer_1787815291_1,BCS Computer,Facebook,2026-08-27 14:20,"Model: Lenovo ThinkPad UltraSlim USB DVD Burner 4X A0E97775
 អាន CD/DVD — អាចបើកមើលឯកសារ វីដេអូ រូបភាព ឬកម្មវិធីដែលមានក្នុងឌីស។… See more",Photo Post,https://scontent.fpnh11-2.fna.fbcdn.net/v/t39.30808-6/785146491_1066901929056385_647353373088978385_n.jpg?stp=dst-jpg_tt6&cstp=mx769x960&ctp=s590x590&_nc_cat=101&ccb=1-7&_nc_sid=833d8c&_nc_ohc=imawcgsg2a4Q7kNvwHQqRY4&_nc_oc=Adpz81bJKIiuGn7y1XZh3b_m-J4xUySLqoSfwq2XgbHBbXLoQ5fnNoETVbv5_MG3qUs&_nc_zt=23&_nc_ht=scontent.fpnh11-2.fna&_nc_gid=69MJZH8bcF28RsRnBLLbgw&_nc_ss=7b2a8&oh=00_AQHfFvdfHNpYw54GyDOxfjhibfLPbQXsNpxhcLSt1Ryd-Q&oe=6A95B858,0,0,0,https://www.facebook.com/Bcscomputer168
fb_BCS_Computer_1787815291_2,BCS Computer,Facebook,2026-08-27 14:20,"Model: Asus Rog Strix G731GV
CPU: i7-9th… See more",Photo Post,https://scontent.fpnh11-2.fna.fbcdn.net/v/t39.30808-6/787179681_1066886909057887_4135541155242284590_n.jpg?stp=dst-jpg_tt6&cstp=mx959x1200&ctp=s590x590&_nc_cat=108&ccb=1-7&_nc_sid=833d8c&_nc_ohc=eIp99KdKVkMQ7kNvwH2-6c6&_nc_oc=AdrcS-_PsmbTK55rSNtMscXSHgUrW0NaxWVZ66yd5xokXo0agwtCY3m4r9Fdw6nF-2w&_nc_zt=23&_nc_ht=scontent.fpnh11-2.fna&_nc_gid=3bPh0ojjCFyK293YgSPGcw&_nc_ss=7b2a8&oh=00_AQEC_XeNKXh-GC4mThrdiCutkRfr_FiUGzz2xalTpL3-dA&oe=6A95C38F,0,0,0,https://www.facebook.com/Bcscomputer168
fb_Kim_Heng_Center_1787815304_0,Kim Heng Center,Facebook,2026-08-27 14:20,"កាន់តែពិសេសបញ្ចុះតម្លៃអស់ស្ទះ ជាមួយនិងកាបូបយួរដៃ
👉ប្រេន Lenovo
ប្រកបដោយគុណភាពខ្ពស់នឹងតម្លៃសមរម្យ
កម្ម៉ង់ទិញ ឬ សាកសួរព៌តមានបន្ថែម
☎️Tel: 081 787 824 / 077 334 026
តាមដានTelegramផ្លូវការរបស់ KIM HENG C.T តាមរយ: https://t.me/Kimhengcenter8
ដេីម្បីទទួលបានពត៌មានបន្ថែមពីក្រុមហ៊ុនយេីងខ្ញុំ",Photo Post,https://scontent.fpnh11-2.fna.fbcdn.net/v/t39.30808-6/492454231_1222771893186299_6745818452132809421_n.jpg?stp=dst-jpg_tt6&cstp=mx2000x2000&ctp=s851x315&_nc_cat=104&ccb=1-7&_nc_sid=127cfc&_nc_ohc=YWBvFW5XLCEQ7kNvwEKXriG&_nc_oc=AdoeMvuC8rmUgaS-HMaISp4NBHvzeNLK8Dv_TPenC4DalqZA0RwO5YBNWTEG9SDB44I&_nc_zt=23&_nc_ht=scontent.fpnh11-2.fna&_nc_gid=VZKElciu_kQJKPcQe6zKsQ&_nc_ss=7b2a8&oh=00_AQGAg8-cWLMWkRlR5LsuqUHdf_IEHLVaQo0-9Lsd5Un3MA&oe=6A95A830,0,0,0,https://www.facebook.com/kimhengctTrading
fb_Kim_Heng_Center_1787815304_1,Kim Heng Center,Facebook,2026-08-27 14:20,"ម៉ាស៊ីនព្រីនធ័រខ្នាតតូច #HP​ ​ជាច្រើនម៉ូឌែលមានក្នុងស្តុកស្រាប់
ជាមួយល្បឿនលឿន រូបភាពច្បាស់ល្អ និង សន្សំសំចៃ… See more",Photo Post,https://scontent.fpnh11-1.fna.fbcdn.net/v/t39.30808-6/784352942_1658383842958433_766857443772052547_n.jpg?stp=dst-jpg_tt6&cstp=mx2048x1700&ctp=s640x640&_nc_cat=100&ccb=1-7&_nc_sid=127cfc&_nc_ohc=vAIwkwVC4bAQ7kNvwEeRirY&_nc_oc=AdpSPJL-AyxBRZ1IOIdeuFE8BNgRzOGqF1IxCu2KSESRmXa-4cId_S1juHyahrU0yPI&_nc_zt=23&_nc_ht=scontent.fpnh11-1.fna&_nc_gid=Ahc_CJyeLb4a9oNf_bSAzw&_nc_ss=7b2a8&oh=00_AQH-Z3SlGs0KpjsNF5A0NLhwplfJ1wJyZpDMw4J68nVCJw&oe=6A95CB30,0,0,0,https://www.facebook.com/kimhengctTrading
fb_Kim_Heng_Center_1787815304_2,Kim Heng Center,Facebook,2026-08-27 14:20,"ម៉ាស៊ីនព្រីនធ័រកូល័រទើបចូលស្តុកថ្មី ប្រេន #HP ម៉ូឌែល#581 ជាមួយនឹងតម្លៃសមរម្យ ប្រកបដោយគុណភាពខ្ពស់ មានលក់នៅ KIM HENG C.T យើងខ្ញុំ
ធានាទាំងគុណភាពនិងតម្លៃ សម្រាប់ ភ្ញៀវបោះដ… See more",Photo Post,https://scontent.fpnh11-1.fna.fbcdn.net/v/t39.30808-6/778958285_1656409466489204_493607527999438724_n.jpg?stp=dst-jpg_tt6&cstp=mx2000x2000&ctp=p526x296&_nc_cat=103&ccb=1-7&_nc_sid=127cfc&_nc_ohc=6kB8sWmWTOgQ7kNvwE3EUzi&_nc_oc=AdqoxDiQcyhExaeWBfq6EZxE7psomAsbvzxTUA5reDaKiyxH_0R5PFEDGcAIdegpbtc&_nc_zt=23&_nc_ht=scontent.fpnh11-1.fna&_nc_gid=Ahc_CJyeLb4a9oNf_bSAzw&_nc_ss=7b2a8&oh=00_AQEzuIIT_nah3Wu3L7Tq0u2ChAaewhOFhH8KIbsV_M0sTg&oe=6A95D037,0,0,0,https://www.facebook.com/kimhengctTrading
fb_Kim_Heng_Center_1787815304_3,Kim Heng Center,Facebook,2026-08-27 14:20,"កុំព្យូទ័រយួរដៃ កុំព្យូទ័រយួរដៃ ស្តើង ស្រាល ងាយស្រួលយកតាមខ្លួន​ ម៉ូឌែល #ThinkPad X1 Carbon Gen10
. CPU: 12th Generation Intel® Core™ i5-1235U Processor… See more",Photo Post,https://scontent.fpnh11-1.fna.fbcdn.net/v/t39.30808-6/779816524_1654463500017134_8201221771886773729_n.jpg?stp=dst-jpg_tt6&cstp=mx1884x2048&ctp=s565x565&_nc_cat=103&ccb=1-7&_nc_sid=127cfc&_nc_ohc=0IqovQFxNkcQ7kNvwGpWelj&_nc_oc=AdpqcMQLmBT4FkgjLAtnYhA0IBSpmifx1-Jo7ZwR_BFHBn5i0ZoB11ZHvuuKYErMlYA&_nc_zt=23&_nc_ht=scontent.fpnh11-1.fna&_nc_gid=tiDwzrpZCrpDnL0YYZZ_aQ&_nc_ss=7b2a8&oh=00_AQEHiu9qjXZJ24GH9TgxOXNkdWajb01eFvHF9MyN9BbhNw&oe=6A95CD5B,0,0,0,https://www.facebook.com/kimhengctTrading
fb_ICT_Distribution_1787815317_0,ICT Distribution,Facebook,2026-08-27 14:20,"🚀 Empowering partnerships through knowledge and innovation in Cambodia.

ICT Distribution is gearing up for an insightful Virtuozzo and Supermicro Partner Enablement session— a valuable opportunity to deepen technical expertise, explore the latest solutions, and strengthen collaboration across our teams.

Together, we're building stronger partnerships and delivering greater value to the businesse",Photo Post,https://scontent.fpnh11-2.fna.fbcdn.net/v/t39.30808-6/731111639_122176180148892258_8557927971163905206_n.jpg?stp=dst-jpg_tt6&cstp=mx1685x934&ctp=s565x565&_nc_cat=110&ccb=1-7&_nc_sid=127cfc&_nc_ohc=HLr6cCMS_BEQ7kNvwFxhSdq&_nc_oc=Adr0bzPY2E-ASjOYY2Zfl7uVGARWQhVsFlDfJKjaqre6fMhtgQy440UdjNZhHALsZsQ&_nc_zt=23&_nc_ht=scontent.fpnh11-2.fna&_nc_gid=KH6G9LRGAHU0wGouHLxS6Q&_nc_ss=7b2a8&oh=00_AQGif1g0AiIt-FiUvQgFmWlBFeg34DRvbjt8pom_dxyvlQ&oe=6A95A9BF,0,0,0,https://www.facebook.com/ICTDistributionKH
fb_ICT_Distribution_1787815317_1,ICT Distribution,Facebook,2026-08-27 14:20,"The HPE Cambodia Partner Summit 2026 brought together ICT Distribution Cambodia, HPE, HPE Aruba Networking, and our valued partners in Siem Reap last August 13 to 15 fo… See more",Photo Post,https://scontent.fpnh11-2.fna.fbcdn.net/v/t39.30808-6/786945795_122184484238892258_161468103869959956_n.jpg?stp=dst-jpg_tt6&cstp=mx2048x1365&ctp=s590x590&_nc_cat=101&ccb=1-7&_nc_sid=127cfc&_nc_ohc=b9sLGD-v3eIQ7kNvwE2kC0H&_nc_oc=Adpr7hYok6KwuFJLnGatBHwv3WvvnOixcGBXnpvWo0blKAfpj4Z81WSpeOCMgd4YhwU&_nc_zt=23&_nc_ht=scontent.fpnh11-2.fna&_nc_gid=gUQt0lo6R3VoqLWVfksEqg&_nc_ss=7b2a8&oh=00_AQE8X8gU_jTJ25l2jv_3evdI-w5UWZ8piGUpHq-DA3uf_Q&oe=6A959E77,0,0,0,https://www.facebook.com/ICTDistributionKH
fb_ICT_Distribution_1787815317_2,ICT Distribution,Facebook,2026-08-27 14:20,Deliver Exceptional Cloud Gaming Experiences at Scale… See more,Photo Post,https://scontent.fpnh11-2.fna.fbcdn.net/v/t39.30808-6/785584749_122184384542892258_968784071848708592_n.jpg?stp=dst-jpg_tt6&cstp=mx1080x1080&ctp=p526x296&_nc_cat=106&ccb=1-7&_nc_sid=127cfc&_nc_ohc=DykLdi3P6mEQ7kNvwFN74iW&_nc_oc=AdoUQnwiOHC5AwhPlnMH6sHku5fNGKKhlbzhob1CgnmpSi6s9Y0CvHvX-6pbBkLzBwg&_nc_zt=23&_nc_ht=scontent.fpnh11-2.fna&_nc_gid=gUQt0lo6R3VoqLWVfksEqg&_nc_ss=7b2a8&oh=00_AQFx4OKAsKoVB9BOikCVRarLBpw3utf7ATQ2L2RHnA6L_w&oe=6A959E06,0,0,0,https://www.facebook.com/ICTDistributionKH
fb_ICT_Distribution_1787815317_3,ICT Distribution,Facebook,2026-08-27 14:20,"From advanced threat detection to real-time protection, Avast helps safeguard your devices, data, and digital life against today's evolving cyber threats.… See more",Photo Post,https://scontent.fpnh11-2.fna.fbcdn.net/v/t39.30808-6/785364079_122184372062892258_4951324741048369363_n.jpg?stp=dst-jpg_tt6&cstp=mx1080x1080&ctp=p526x296&_nc_cat=111&ccb=1-7&_nc_sid=127cfc&_nc_ohc=u5LCwAyiwqUQ7kNvwEXoFtb&_nc_oc=AdrMnM-KBjsDbmy3KL2V48CoqX4bY9UW3nDs0VQyGBjH6OQhLB2ZcfXnWHm5JE1Zg5Q&_nc_zt=23&_nc_ht=scontent.fpnh11-2.fna&_nc_gid=FCqIa6VQowuuuIPz6WILnQ&_nc_ss=7b2a8&oh=00_AQEpKXuRqknBkBNGqCQ0dgfZwCdhs4ruU14LQyk7D5Qq4w&oe=6A95B3F5,0,0,0,https://www.facebook.com/ICTDistributionKH
fb_Root_IT_1787815329_0,Root IT,Facebook,2026-08-27 14:20,"LED Monitor Acer 23.8"" SA243Y G0wmix-With IPS FHD
-Part Number: SA243Y… See more",Photo Post,https://scontent.fpnh11-2.fna.fbcdn.net/v/t39.30808-6/778972746_1080895504288261_1457540539446394644_n.jpg?stp=dst-jpg_tt6&cstp=mx960x960&ctp=s590x590&_nc_cat=110&ccb=1-7&_nc_sid=127cfc&_nc_ohc=_xIcUfmQjzIQ7kNvwGHa8x2&_nc_oc=Adpah4OU81WEUMw4enZWYUajtj31izyN_irUByL1u1Bi4Lfx0GK6VIA8Aw9orLaYoBI&_nc_zt=23&_nc_ht=scontent.fpnh11-2.fna&_nc_gid=NkOCcjs91nJLvxdk1ZXcJw&_nc_ss=7b2a8&oh=00_AQGOEmTEvSCxZORNjdUb4WxjxJyw6kmQm83c94vTG650GA&oe=6A95AE28,0,0,0,https://www.facebook.com/rootitsupport
fb_Root_IT_1787815329_1,Root IT,Facebook,2026-08-27 14:20,"Asus ROG Strix OLED XG34WCDG 34 2K Monitor
-Part Number: XG34WCDG… See more",Photo Post,https://scontent.fpnh11-2.fna.fbcdn.net/v/t39.30808-6/778985402_1080844087626736_7353101780431589633_n.jpg?stp=dst-jpg_tt6&cstp=mx960x960&ctp=s590x590&_nc_cat=108&ccb=1-7&_nc_sid=127cfc&_nc_ohc=RAj5PNPhsY8Q7kNvwG4c9Cj&_nc_oc=AdprU7GwlyiumuNNk67Zlv6u5_w2kOcZuDgSPQeC4jZNnkMX3kOMOzSd2x_gQjwUngs&_nc_zt=23&_nc_ht=scontent.fpnh11-2.fna&_nc_gid=NkOCcjs91nJLvxdk1ZXcJw&_nc_ss=7b2a8&oh=00_AQEJQtbIE7zz3RfP9288j6rA33JAbGVh87ip7vFu9pemaA&oe=6A95BD3C,0,0,0,https://www.facebook.com/rootitsupport
fb_Root_IT_1787815329_2,Root IT,Facebook,2026-08-27 14:20,"Lenovo ThinkVision 27inch 100Hz Monitor-HDMI
-Part Number: S27i-30… See more",Photo Post,https://scontent.fpnh11-2.fna.fbcdn.net/v/t39.30808-6/778984991_1080146044363207_8478627254067092858_n.jpg?stp=dst-jpg_tt6&cstp=mx960x960&ctp=s590x590&_nc_cat=104&ccb=1-7&_nc_sid=127cfc&_nc_ohc=cYf5kbX0-rcQ7kNvwEGNpEn&_nc_oc=AdqNUb4ct8B3CKUHs0CjhY5001scQLGOhaKtJjVFLljwQkrRsJkRyk9dMjZO02zfCmM&_nc_zt=23&_nc_ht=scontent.fpnh11-2.fna&_nc_gid=Mz0pbs80nOsNFVL8Z5Q-nw&_nc_ss=7b2a8&oh=00_AQHnSQHpU1noxIeLq8uWO7r3i9oGkF9h0g-9IhNdzf2B7Q&oe=6A95AA65,0,0,0,https://www.facebook.com/rootitsupport
fb_Root_IT_1787815329_3,Root IT,Facebook,2026-08-27 14:20,"Dell 34 Plus S3425DW USB-C Curved Monitor WQHD
-Part Number: S3425DW … See more",Photo Post,https://scontent.fpnh11-2.fna.fbcdn.net/v/t39.30808-6/778972324_1080054787705666_5164286244046018032_n.jpg?stp=dst-jpg_tt6&cstp=mx960x960&ctp=s590x590&_nc_cat=108&ccb=1-7&_nc_sid=127cfc&_nc_ohc=iaLRyLIBNQ8Q7kNvwHvkQ-8&_nc_oc=AdpSxi70sb6W-sHba9fid3y6B6efNPlXyKiA63Y0HE6Oe_xoLM4zCdfKOmdSPTA3WGg&_nc_zt=23&_nc_ht=scontent.fpnh11-2.fna&_nc_gid=Mz0pbs80nOsNFVL8Z5Q-nw&_nc_ss=7b2a8&oh=00_AQEFnniXU8c0oNL0FbBNKVI7mu5241nIeZ3wqaCRCOtj4Q&oe=6A95D39D,0,0,0,https://www.facebook.com/rootitsupport
fb_PSC_Computer_1787815342_0,PSC Computer,Facebook,2026-08-27 14:20,"ASUS ROG ZEPHYRUS G14😍

Telegram : https://t.me/PSCCOMPUTER
☎️Tel : 096 910 6688, 096 881 2310, 099 918 215
🚛 ដឹកជូន 𝟮𝟱 ខេត្ត/ក្រុង
🗺ទីតាំង #𝟮𝟮𝟬𝗕, St.184 (កែវជា) ភ្នំពេញ
🌐Google map : https://maps.app.goo.gl/Za8TDFTGuFSd3PLP8
#laptop #laptopgaming #computer #computergames #camputerstore #computerphnompenh #Cambodia #fypシ #psccomputer #GamingPc #gaming",Photo Post,https://scontent.fpnh11-1.fna.fbcdn.net/v/t15.5256-10/477124631_509997605450593_6373558789179578638_n.jpg?stp=dst-jpg_tt6&cstp=mx1080x1920&ctp=s565x565&_nc_cat=100&ccb=1-7&_nc_sid=be8305&_nc_ohc=SoYm1M6JDUsQ7kNvwF8Mq_k&_nc_oc=Adr38DOxK3lCX5IVTR69-aqSeUlBvBNDyFJBjtWBJM9tsa9GC8rcBnF_4aWAx4_FUv8&_nc_zt=23&_nc_ht=scontent.fpnh11-1.fna&_nc_gid=ZqD8yFA9l6V0bqKZrQDbvw&_nc_ss=7b2a8&oh=00_AQGoxHjlwxUjKCA0QChaw4AaBlAQOD6mqGYDARq4_kul0g&oe=6A95CB03,0,0,0,https://www.facebook.com/visit.psc
fb_PSC_Computer_1787815342_1,PSC Computer,Facebook,2026-08-27 14:20,"UPS PROLINK គុណភាព Singapore 
ធន់កាន់ថ្មបានយូ
… See more",Video Reel,https://scontent.fpnh11-2.fna.fbcdn.net/v/t15.5256-10/783830219_2261779221302411_1924867994019628507_n.jpg?stp=dst-jpg_tt6&cstp=mx1080x1920&ctp=p960x960&_nc_cat=108&ccb=1-7&_nc_sid=5fad0e&_nc_ohc=q9dydN124_0Q7kNvwEfcLOv&_nc_oc=AdpIMmkte0wX-a_2pZhyv3kCsyHdQs4WecWsmAJ2PaZ5cDEPNqxmtgbp1CZsX7YNheM&_nc_zt=23&_nc_ht=scontent.fpnh11-2.fna&_nc_gid=mKKB-v8e42NFS33qM0MVtg&_nc_ss=7b2a8&oh=00_AQHkOa6c05dEjLjoOJqVOz0r7x1AslObdymM9SZng1_0Pw&oe=6A95BEAB,0,0,0,https://www.facebook.com/visit.psc
fb_PSC_Computer_1787815342_2,PSC Computer,Facebook,2026-08-27 14:20,Chhim Sophearom ជម្រាបសួរបង​សូមឆែកប្រអប់សារ,Photo Post,,0,0,0,https://www.facebook.com/visit.psc
fb_PSC_Computer_1787815342_3,PSC Computer,Facebook,2026-08-27 14:20,"សូមអរគុណដល់អតិថិជនដែលតែងតែមានទំនុកចិត្ត
T… See more",Video Reel,https://scontent.fpnh11-1.fna.fbcdn.net/v/t15.5256-10/786313196_1539111914089719_1232728886023058105_n.jpg?stp=dst-jpg_tt6&cstp=mx1080x1920&ctp=p960x960&_nc_cat=103&ccb=1-7&_nc_sid=5fad0e&_nc_ohc=OmkeWtQ39yQQ7kNvwH1cnaS&_nc_oc=Adrv81LQojA6NQmd4en2V5IjABb9idbxZEGsMVEWH2Gw-Zce6CB_Zl_IYtQxHHw69Yo&_nc_zt=23&_nc_ht=scontent.fpnh11-1.fna&_nc_gid=mKKB-v8e42NFS33qM0MVtg&_nc_ss=7b2a8&oh=00_AQEFNtxC0lHugOwCo7bFV3X71HVtF8A_NgBe4Lgqgg_rLA&oe=6A95D119,0,0,0,https://www.facebook.com/visit.psc
fb_PSC_Computer_1787815342_4,PSC Computer,Facebook,2026-08-27 14:20,"សម្រាប់អ្នកដែលកំពុងស្វែងរក Gaming Laptop ខ្លាំងៗ សម្រាប់ទាំង រៀន + ធ្វើការ + Gaming នេះជាឱកាសល្អមួយក្នុងខែសីហានេះ! 
… See more",Photo Post,https://scontent.fpnh11-1.fna.fbcdn.net/v/t39.30808-6/785362800_1484225447070091_5087126063175797552_n.jpg?stp=dst-jpg_tt6&cstp=mx2048x2048&ctp=p526x296&_nc_cat=107&ccb=1-7&_nc_sid=127cfc&_nc_ohc=Akz2BR2LO0IQ7kNvwE_meuC&_nc_oc=AdqN_iV8fy_pkqxiixEG8lw4knM4pvXk0H2LkHYX_Xz8Vz_NPbXMVItjZR--d1XHc8E&_nc_zt=23&_nc_ht=scontent.fpnh11-1.fna&_nc_gid=Cu4S-IWYlgsxm7O6AEhVFg&_nc_ss=7b2a8&oh=00_AQGrsDpeycW2m9S2Ubvvkkr5pPp0wyl-xtC6HYa97JE_xw&oe=6A95AE90,0,0,0,https://www.facebook.com/visit.psc
fb_IQ_Distributor_1787815355_0,IQ Distributor,Facebook,2026-08-27 14:20,Enhance accuracy and throughput at your checkouts and inventory counters with the Honeywell 1950G Corded Area-Imaging Scanner. Engineered for superior scanning perform… See more,Photo Post,https://scontent.fpnh11-1.fna.fbcdn.net/v/t39.30808-6/759773142_1377642201173407_4768986130140297246_n.jpg?stp=dst-jpg_tt6&cstp=mx1280x1280&ctp=p526x296&_nc_cat=105&ccb=1-7&_nc_sid=127cfc&_nc_ohc=cKjK2pdKJzAQ7kNvwE8i_oh&_nc_oc=AdruI2MFy3yhiwM8iArvjw1utaSj1TnAEFmjT5ZT50waNU6KMhxIuibdh4VrI8FySjE&_nc_zt=23&_nc_ht=scontent.fpnh11-1.fna&_nc_gid=Ij8PAtQlG2nUcHblYdSu8w&_nc_ss=7b2a8&oh=00_AQG15SApIUpYJvVTkQzGiClpJtZBYID71aPRtvDVLBRGNQ&oe=6A95A6E6,0,0,0,https://www.facebook.com/IQDistribution
fb_IQ_Distributor_1787815355_1,IQ Distributor,Facebook,2026-08-27 14:20,"Keep your business secure and track attendance effortlessly with the ZKTeco iClock700! 
Designed to handle large workforce teams, this all-in-one terminal combines h… See more",Photo Post,https://scontent.fpnh11-2.fna.fbcdn.net/v/t39.30808-6/760654774_1377640524506908_5438437278890962224_n.jpg?stp=dst-jpg_tt6&cstp=mx1280x1280&ctp=p526x296&_nc_cat=101&ccb=1-7&_nc_sid=127cfc&_nc_ohc=I8bIxqE8OpAQ7kNvwGGMk-y&_nc_oc=AdrdPEu8VYSNddlSvAOg3eVBWRQTCYOLIRDn8VEhdseteXLMvXWnFUgPZ1YaaiUk1AA&_nc_zt=23&_nc_ht=scontent.fpnh11-2.fna&_nc_gid=Ij8PAtQlG2nUcHblYdSu8w&_nc_ss=7b2a8&oh=00_AQFkpcqcbC_Kjh0BYGU_yDYT7e9Lv589opKxBjZ42B7LUw&oe=6A95CC07,0,0,0,https://www.facebook.com/IQDistribution
fb_IQ_Distributor_1787815355_2,IQ Distributor,Facebook,2026-08-27 14:20,"APC Easy UPS 700VA (BVG700I-MSN) ដៃគូការពារកុំព្យូទ័រ និងឧបករណ៍អេឡិចត្រូនិករបស់អ្នក!
ជួយកាត់បន្ថយហានិភ័យនៃការបាត់បង់ទិន្នន័យ និងការពារឧបករណ៍ពីការខូចខាតដោយសារភ្លើងដាច… See more",Photo Post,https://scontent.fpnh11-2.fna.fbcdn.net/v/t39.30808-6/759717215_1377639864506974_2753229434051653735_n.jpg?stp=dst-jpg_tt6&cstp=mx1280x1280&ctp=p526x296&_nc_cat=101&ccb=1-7&_nc_sid=127cfc&_nc_ohc=swVXMaVxQ1UQ7kNvwGblPvW&_nc_oc=Adote4V7EV8_PDHNgNaRxj_6qdOOjIajb_QmIQ-nGb2rhJZM_UWItKhaBTTje9vbGzg&_nc_zt=23&_nc_ht=scontent.fpnh11-2.fna&_nc_gid=OUgSU7-C_tgM5KNqiphEBw&_nc_ss=7b2a8&oh=00_AQFkyxixeiXpn3nQn-jHPmnUDeLghukU53MDFrdvH5kOrA&oe=6A95C373,0,0,0,https://www.facebook.com/IQDistribution
fb_IQ_Distributor_1787815355_3,IQ Distributor,Facebook,2026-08-27 14:20,Transform your business operations with the SUNMI FLEX 3 Interactive Display—a highly versatile BIoT solution designed to adapt to a wide range of industries and commer… See more,Photo Post,https://scontent.fpnh11-1.fna.fbcdn.net/v/t39.30808-6/758915239_1377638827840411_7946514628381121614_n.jpg?stp=dst-jpg_tt6&cstp=mx1280x1280&ctp=p526x296&_nc_cat=102&ccb=1-7&_nc_sid=127cfc&_nc_ohc=0beUvJ858UwQ7kNvwGVZeEi&_nc_oc=Ado2cUjYouz1lEoZKSwsy-kX0NKyfW5gtqBZQxUvf9aR6imp6icdpXK9YIBQ4-Wbnm8&_nc_zt=23&_nc_ht=scontent.fpnh11-1.fna&_nc_gid=OUgSU7-C_tgM5KNqiphEBw&_nc_ss=7b2a8&oh=00_AQEvPAoD2mzx9K1oceZl_RBva7iFCQFk5JjBEz26CSLqPg&oe=6A95B5AA,0,0,0,https://www.facebook.com/IQDistribution
fb_PSC_Computer_1787814290_0,PSC Computer,Facebook,2026-08-27 14:02,Chhim Sophearom ជម្រាបសួរបងសូមឆែកប្រអប់សារ,Photo Post,,0,0,0,https://www.facebook.com/visit.psc
fb_PSC_Computer_1787813774_0,PSC Computer,Facebook,2026-08-27 13:54,Chhim Sophearom ជម្រាបសួរបងសូមឆែកប្រអប់សារ,Photo Post,,0,0,0,https://www.facebook.com/visit.psc
fb_PSC_Computer_1787812956_0,PSC Computer,Facebook,2026-08-27 13:40,Author PSC COMPUTER Chhim Sophearom ជម្រាបសួរបងសូមឆែកប្រអប់សារ Reply,Photo Post,,0,0,0,https://www.facebook.com/visit.psc
fb_PSC_Computer_1787810940_0,PSC Computer,Facebook,2026-08-27 13:07,Author PSC COMPUTER Chhim Sophearom ជម្រាបសួរបងសូមឆែកប្រអប់សារ Reply,Photo Post,,0,0,0,https://www.facebook.com/visit.psc
fb_PSC_Computer_1787736029_0,PSC Computer,Facebook,2026-08-26 16:18,Author PSC COMPUTER Chhim Sophearom ជម្រាបសួរបងសូមឆែកប្រអប់សារ Reply,Photo Post,,0,0,0,https://www.facebook.com/visit.psc
fb_PSC_Computer_1787719561_0,PSC Computer,Facebook,2026-08-26 11:43,Author PSC COMPUTER Yim Kong please check inbox Bong Reply,Photo Post,,0,0,0,https://www.facebook.com/visit.psc
fb_PSC_Computer_1787718855_0,PSC Computer,Facebook,2026-08-26 11:32,Yim Kong មួយ$? Reply See translation,text_only,https://via.placeholder.com/500x300?text=Hardware+Spec+Flyer,0,0,0,https://www.facebook.com/visit.psc
fb_PSC_Computer_1787718856_1,PSC Computer,Facebook,2026-08-26 11:32,AuthorPSC COMPUTERYim Kong please check inbox Bong4dLikeReply,text_only,https://via.placeholder.com/500x300?text=Hardware+Spec+Flyer,0,0,0,https://www.facebook.com/visit.psc
fb_AnAnA Computer_1787718191_0,AnAnA Computer,Facebook,2026-08-26 11:23,"🎬 New Ruijie/Reyee ES2 AI Switch Series ⚡️

ដោះស្រាយបញ្ហា IP Conflict និង Network គាំងបានយ៉ាងងាយស្រួល! ✨

🤖 AI IP Anti-Conflict: ការពារ និងដោះស្រាយបញ្ហាស្ទួន IP Address ដោយស្វ័យប្រវត្តិ
🔄 AI Loop Prevention & Watchdog: ស្វែងរក និង Reboot ឧបករណ៍ ឬ កាមេរ៉ា ដែលគាំងដោយស្វ័យប្រវត្តិ
⚡️ Smart PoE Power: ផ្គត់ផ្គង់ថាមពលប្រកបដោយស្ថិរភាព និងសុវត្ថិភាពខ្ពស់
...",timeline_post,https://via.placeholder.com/500x300?text=Facebook+Post,0,0,0,https://www.facebook.com/ananacomputer
fb_AnAnA Computer_1787718191_1,AnAnA Computer,Facebook,2026-08-26 11:23,"🌐 Ruijie Reyee Wireless Series ⚡

ជម្រើស Wireless Routers & Gateways គុណភាពពី Ruijie Reyee!

⚡️ Reliable Wi-Fi Performance: ផ្តល់សេវា Wi-Fi ថេរ ល្បឿនលឿន និងមានស្ថិរភាពខ្ពស់
📶 Seamless Mesh Support: គាំទ្រការភ្ជាប់ប្រព័ន្ធ Mesh Wi-Fi ពង្រីកសេវាបានទូលំទូលាយ
☁️ Free Cloud Management: គ្រប់គ្រង Monitor និងរៀបចំ Setup តាម Ruijie Cloud App ឥតគិតថ្លៃ
🛡 Ea...",timeline_post,https://via.placeholder.com/500x300?text=Facebook+Post,0,0,0,https://www.facebook.com/ananacomputer
fb_AnAnA Computer_1787718191_2,AnAnA Computer,Facebook,2026-08-26 11:23,"🎉​ ប្រូម៉ូសិនពិសេសទៅលើ Dell Latitude 5420! ចំណេញរហូតដល់ $400 ភ្លាមៗ 💥

🔥 Laptop ថ្មីបកកេស 100% ក្នុងតម្លៃពិសេស។
​🎁 កាដូពិសេស៖ ថែមជូនកាបូបស្ពាយកុំព្យូទ័រ (Free Bag) ភ្លាមៗរាល់ការទិញ!
🛡 ការធានា៖ រយៈពេល 6 ខែពេញពីក្រុមហ៊ុន

🚀 ជ្រើសរើសជម្រើសដែលស័ក្តិសមបំផុតសម្រាប់អ្នក៖
➡️ ជម្រើសទី 1: Intel Core i7-11th | 8GB | M.2 512GB
➡️ ជម្រើសទី 2: Intel Core i7-11th...",timeline_post,https://via.placeholder.com/500x300?text=Facebook+Post,0,0,0,https://www.facebook.com/ananacomputer
fb_PTC Computer_1787718200_0,PTC Computer,Facebook,2026-08-26 11:23,ស្វាគមន៍មកកាន់ការ LIVE ពិសេសពី PTC Computer! ថ្ងៃនេះយើងនាំយក កំពូល Laptop ASUS មកបង្ហាញជូនទាំងអស់គ្នា! 💻✨...,timeline_post,https://via.placeholder.com/500x300?text=Facebook+Post,0,0,0,https://www.facebook.com/PTCcomputerkh
fb_PTC Computer_1787718200_1,PTC Computer,Facebook,2026-08-26 11:23,"ទំនើបទាន់សម័យ 𝐃𝐞𝐥𝐥 𝐀𝐥𝐢𝐞𝐧𝐰𝐚𝐫𝐞 16 រូបរាងស្អាត បើនិយាយពីកម្លាំងខ្លាំងអស់ស្ទះ ជួយឱ្យការងាររបស់អ្នកកាន់តែរលូន ​✨💻
#Dell #Alienware #AlienwareAurora #AuroraR16 #PTCComputer
=================================
🔗 Website: https://ptc-computer.com.kh/ptc-computer
📧Online𝗧𝗲𝗹𝗲𝗴𝗿𝗮𝗺: https://t.me/PTCOnlineSales
📧Online𝗧𝗲𝗹𝗲𝗴𝗿𝗮𝗺: https://t.me/MsKosoma
☎️ 𝗖𝗮𝗹𝗹 : 093...",timeline_post,https://via.placeholder.com/500x300?text=Facebook+Post,0,0,0,https://www.facebook.com/PTCcomputerkh
fb_PTC Computer_1787718200_2,PTC Computer,Facebook,2026-08-26 11:23,"ហ្វ្រី! ហ្វ្រី! ហ្វ្រី! ទិញ 1 បាន 4 ជាមួយនិង​ DELL Alienware Promotion 🛒💸

#DellAlienware16Aurora #Alienware #gaminglaptop
=================================
🔗 Website: https://ptc-computer.com.kh/ptc-computer
📧Online𝗧𝗲𝗹𝗲𝗴𝗿𝗮𝗺: https://t.me/PTCOnlineSales
📧Online𝗧𝗲𝗹𝗲𝗴𝗿𝗮𝗺: https://t.me/MsKosoma
☎️ 𝗖𝗮𝗹𝗹 : 093 456 747 / 012 220 152 / 071 57 77 37
🔗 Tele...",timeline_post,https://via.placeholder.com/500x300?text=Facebook+Post,0,0,0,https://www.facebook.com/PTCcomputerkh
fb_PTC Computer_1787718200_3,PTC Computer,Facebook,2026-08-26 11:23,ខ្សែ 𝐂𝐚𝐛𝐥𝐞𝐭𝐢𝐦𝐞 ផ្តល់នូវភាពងាយស្រួលសម្រាប់លោកអ្នកអាចភ្ជាប់ទៅកាន់ 𝐃𝐞𝐯𝐢𝐜𝐞𝐬 ជាច្រើនក្នុងពេលតែមួយបាន មានគ្រប់ 𝐏𝐨𝐫𝐭 ទៅតាមតម្រូវការ តម្លៃសមរម្យ...,timeline_post,https://via.placeholder.com/500x300?text=Facebook+Post,0,0,0,https://www.facebook.com/PTCcomputerkh
fb_ICE Electronics_1787718210_0,ICE Electronics,Facebook,2026-08-26 11:23,Logitech K480 Multi-Device Bluetooth Keyboard...,timeline_post,https://via.placeholder.com/500x300?text=Facebook+Post,0,0,0,https://www.facebook.com/ICEElectronics
fb_ICE Electronics_1787718210_1,ICE Electronics,Facebook,2026-08-26 11:23,សម្រួលដល់ការងារប្រចាំថ្ងៃរបស់អ្នកជាមួយ Keyboard Wireless របស់ Logitech ដែលមានសមត្ថភាពខ្ពស់ និងរចនាម៉ូតយ៉ាងទាន់សម័យ។… See more...,timeline_post,https://via.placeholder.com/500x300?text=Facebook+Post,0,0,0,https://www.facebook.com/ICEElectronics
fb_ICE Electronics_1787718210_2,ICE Electronics,Facebook,2026-08-26 11:23,លក់នៅភ្នំពេញឆ្អែតហើយ មកលក់នៅមុខបឹង Matcha Strawberry ម្តង...,timeline_post,https://via.placeholder.com/500x300?text=Facebook+Post,0,0,0,https://www.facebook.com/ICEElectronics
fb_ECI Distribution_1787718220_0,ECI Distribution,Facebook,2026-08-26 11:23,"យើងមានកិត្តិយសយ៉ាងក្រៃលែងដែលទទួលបានពានរង្វាន់ ""Distributor Appreciation Award"" ពីក្រុមហ៊ុន Bitdefender នៅក្នុងព្រឹត្តិការណ៍ Bitdefender Cambodia Partner Conference 2026។

សូមអរគុណដល់ Bitdefender ដែលបានយកចិត្តទុកដាក់ជាមួយក្រុមការងាររបស់យើង និងបន្តភាពជាដៃគូដ៏រឹងមាំ និងការប្តេជ្ញាចិត្តរួមគ្នាក្នុងការសម្រេចបាននូវឧត្តមភាពផ្នែក CyberSecurity នៅក្នុងប្រទេ...",timeline_post,https://via.placeholder.com/500x300?text=Facebook+Post,0,0,0,https://www.facebook.com/ecidisti
fb_ECI Distribution_1787718220_1,ECI Distribution,Facebook,2026-08-26 11:23,"ក្រុមហ៊ុន ECI Distribution សហការជាមួយ HP បានរៀបចំកម្មវិធី ""HP Roots for The Future"" រយៈពេល ១យប់ ២ថ្ងៃ នៅខេត្តកំពត កាលពីថ្ងៃទី ១០–១១ ខែកក្កដា ឆ្នាំ២០២៦ ដើម្បីចែករំលែកចំណេះដឹង ពង្រឹងទំនាក់ទំនងជាមួយដៃគូអាជីវកម្ម និងបង្ហាញដំណោះស្រាយបច្ចេកវិទ្យាចុងក្រោយរបស់ HP។
ក្រៅពីវគ្គបណ្តុះបណ្តាល អ្នកចូលរួមក៏បានរីករាយជាមួយសកម្មភាពជិះទូកកម្សាន្ត និងដាំដើមកោងកាង ដើម្ប...",timeline_post,https://via.placeholder.com/500x300?text=Facebook+Post,0,0,0,https://www.facebook.com/ecidisti
fb_ECI Distribution_1787718220_2,ECI Distribution,Facebook,2026-08-26 11:23,"ទិដ្ឋភាពអនុស្សាវរីយ៍ដ៏អស្ចារ្យនៃដំណើរកម្សាន្ត “DELL PARTNER INCENTIVE TRIP” ទៅកាន់ទីក្រុង Penang ប្រទេសម៉ាឡេស៊ី រយៈពេល ៤ថ្ងៃ ៣យប់ ចាប់ពីថ្ងៃទី ០៦ ដល់ថ្ងៃទី ០៩ ខែ ឧសភា ឆ្នាំ ២០២៦ ដែលរៀបចំឡើងដោយក្រុមហ៊ុន ECI Distribution សម្រាប់ដៃគូសហការដែលបានឈ្នះរង្វាន់ពិសេស។ ✨🇲🇾

ក្នុងដំណើរកម្សាន្តដ៏មានអត្ថន័យនេះ ដៃគូសហការទាំងអស់បានធ្វើទស្សនកិច្ចដោយផ្ទាល់ទៅកាន់រោងច...",timeline_post,https://via.placeholder.com/500x300?text=Facebook+Post,0,0,0,https://www.facebook.com/ecidisti
fb_ECI Distribution_1787718220_3,ECI Distribution,Facebook,2026-08-26 11:23,"HP DesignJet T850 36-in MFP is a machine with 3in1 functions that can Print, Scan and Copy up to A0 size, and it has fast speed and clear image, suitable for technical… See more...",timeline_post,https://via.placeholder.com/500x300?text=Facebook+Post,0,0,0,https://www.facebook.com/ecidisti
fb_BCS Computer_1787718230_0,BCS Computer,Facebook,2026-08-26 11:23,Model: Lenovo ThinkPad UltraSlim USB DVD Burner 4X A0E97775...,timeline_post,https://via.placeholder.com/500x300?text=Facebook+Post,0,0,0,https://www.facebook.com/Bcscomputer168
fb_BCS Computer_1787718230_1,BCS Computer,Facebook,2026-08-26 11:23,អាន CD/DVD — អាចបើកមើលឯកសារ វីដេអូ រូបភាព ឬកម្មវិធីដែលមានក្នុងឌីស។… See more...,timeline_post,https://via.placeholder.com/500x300?text=Facebook+Post,0,0,0,https://www.facebook.com/Bcscomputer168
fb_IQ Distributor_1787718411_0,IQ Distributor,Facebook,2026-08-26 11:23,"Streamline your labeling workflow with the TSC TX210 Desktop Barcode Printer! 
Whether you’re labeling blood samples in healthcare labs, managing warehouse logistics,… See more...",timeline_post,https://via.placeholder.com/500x300?text=Facebook+Post,0,0,0,https://www.facebook.com/IQDistribution
fb_IQ Distributor_1787718411_1,IQ Distributor,Facebook,2026-08-26 11:23,Streamline your labeling workflow with the TSC TX210 Desktop Barcode Printer!...,timeline_post,https://via.placeholder.com/500x300?text=Facebook+Post,0,0,0,https://www.facebook.com/IQDistribution
fb_IQ Distributor_1787718411_2,IQ Distributor,Facebook,2026-08-26 11:23,"Whether you’re labeling blood samples in healthcare labs, managing warehouse logistics,… See more...",timeline_post,https://via.placeholder.com/500x300?text=Facebook+Post,0,0,0,https://www.facebook.com/IQDistribution
fb_IQ Distributor_1787718411_3,IQ Distributor,Facebook,2026-08-26 11:23,POSIFLEX HK-2100 Series ទូសេវាកម្មស្វ័យប្រវត្តិ (Self-Service Kiosk) ដ៏ទំនើប!...,timeline_post,https://via.placeholder.com/500x300?text=Facebook+Post,0,0,0,https://www.facebook.com/IQDistribution
